{"type":"FeatureCollection","name":"provincias_ecuador_ultraliviano","crs":{"type":"name","properties":{"name":"urn:ogc:def:crs:OGC:1.3:CRS84"}},"features":[{"type":"Feature","properties":{"PROVINCIA":"AZUAY"},"geometry":{"type":"Polygon","coordinates":[[[-79.39749210132024,-2.516904945254852],[-79.36192756749492,-2.544199058378878],[-79.36229527018241,-2.574966942765829],[-79.30388660567657,-2.572312933843205],[-79.30375223426488,-2.619423020345357],[-79.23263573297902,-2.693395516716789],[-79.2063309486762,-2.692664854859328],[-79.21474790883396,-2.723002897497471],[-79.17681805227694,-2.745007356556678],[-79.14532873454763,-2.731198425349295],[-79.14363050216336,-2.714138885844784],[-79.12003849111116,-2.716774657321193],[-79.09393522544917,-2.696915552789328],[-79.08026312467784,-2.648123731064687],[-79.03450713916844,-2.646167342308293],[-79.01020392346909,-2.713713241684498],[-78.98545981038527,-2.719632716263586],[-78.99521090698262,-2.748499917724134],[-78.97393229525193,-2.748505276186699],[-78.94852073576581,-2.775599743569696],[-78.94451367965323,-2.828920832769707],[-78.88048986226613,-2.841277100055408],[-78.87496207115917,-2.819208276427172],[-78.81541290548905,-2.822274583868997],[-78.81540409438239,-2.778549952542005],[-78.79501996625541,-2.774227053593544],[-78.80085921606576,-2.712701515772806],[-78.77448235892376,-2.675283296099632],[-78.7480358648529,-2.67419299584952],[-78.7325067210333,-2.691314725471239],[-78.68668240301585,-2.669421422817777],[-78.66684237559195,-2.677331279005857],[-78.65835314077474,-2.654667884855135],[-78.61677500028354,-2.627458333533766],[-78.62216877054175,-2.593850256130593],[-78.56584383131111,-2.554430947375006],[-78.56308166276015,-2.606747783103113],[-78.53602055642436,-2.627093150704539],[-78.4972165972755,-2.571731160482262],[-78.44380629980292,-2.594107551434523],[-78.42482393968534,-2.619104668160062],[-78.44500126036914,-2.651607411051489],[-78.57950174403425,-2.709260423667229],[-78.59210062827685,-2.761582874935093],[-78.61463964722137,-2.786734465810035],[-78.57562707213467,-2.830582264698748],[-78.57555287759492,-2.851045300285683],[-78.63161767583406,-2.913550142014435],[-78.63141943203411,-2.970565797504325],[-78.65881969547098,-2.989888335774936],[-78.67083178464091,-3.063033218484254],[-78.70529854246733,-3.13677989649263],[-78.74286791083746,-3.140698744758783],[-78.83503523248324,-3.24570217748618],[-78.85677033966702,-3.229647158651754],[-78.91214994187129,-3.273149833227781],[-78.93440499933199,-3.273106866941891],[-78.93432568378573,-3.296142659304189],[-78.95392583150274,-3.29985170127728],[-78.94296610594431,-3.343416428767647],[-78.98975702891579,-3.353460016591624],[-79.05101215777613,-3.399657937890604],[-79.06884637448137,-3.438077752554057],[-79.04350799533421,-3.478175357159028],[-79.06807295327091,-3.512757600142357],[-79.04486785736809,-3.576726509297145],[-79.06838910699119,-3.589839446653413],[-79.0578866932403,-3.610069967577016],[-79.08128053325524,-3.623100752876222],[-79.10326324206399,-3.626970606060126],[-79.13344498210891,-3.598405367395187],[-79.13617772047476,-3.527636717012568],[-79.1812360810325,-3.44078108838284],[-79.25700312209922,-3.475938863379523],[-79.28916251600073,-3.466945252494994],[-79.30845784627276,-3.39990037609622],[-79.30081474633668,-3.366151995984218],[-79.33401503704154,-3.339931483240659],[-79.4289056261244,-3.344024148676601],[-79.51489076719176,-3.307440928921463],[-79.61043111560541,-3.329378459082576],[-79.66889547800821,-3.32171396064786],[-79.64423459190562,-3.302308889166248],[-79.62774108189062,-3.232152865876743],[-79.60147615851217,-3.215200333353975],[-79.59981465844704,-3.176292789047614],[-79.61971634224577,-3.136649961099454],[-79.73077207609144,-3.097639105442234],[-79.76330137788423,-3.066860265510804],[-79.73405209907534,-3.009989434619188],[-79.71229240465222,-3.015344896124955],[-79.72586683743003,-2.979211981421777],[-79.6699458714408,-2.971505169436015],[-79.64525200775115,-2.989478685932152],[-79.64585426373276,-2.956101374054099],[-79.5857519440511,-2.908101111109453],[-79.62014879273048,-2.892131524441468],[-79.55077055993037,-2.889544670544359],[-79.5516587835396,-2.87730438581519],[-79.59170409817943,-2.876597679047767],[-79.60138769153272,-2.857748125775259],[-79.67031557320821,-2.824850485737087],[-79.63013663773972,-2.823622053074173],[-79.50294075920124,-2.767744292697373],[-79.48696936205506,-2.677846011468438],[-79.46004010835314,-2.657386325909623],[-79.47309777765928,-2.607571944199387],[-79.42499777936528,-2.606784632786466],[-79.428287350492,-2.518038777885908],[-79.39749210132024,-2.516904945254852]]]}},{"type":"Feature","properties":{"PROVINCIA":"BOLIVAR"},"geometry":{"type":"Polygon","coordinates":[[[-79.10544763207015,-1.151187785001257],[-78.98799938528931,-1.219726190533823],[-78.8622111180392,-1.191410891638791],[-78.89404640998998,-1.224381440821604],[-78.88639229191065,-1.268059955048507],[-78.93889636843541,-1.359957187384814],[-78.90975780828009,-1.431121497636021],[-78.85256094456396,-1.470896409770995],[-78.8777949098663,-1.49140167053858],[-78.86769135135671,-1.51282451273057],[-78.89769194926589,-1.60101683280442],[-78.88766982618796,-1.629561346999124],[-78.85104235834837,-1.631922458181036],[-78.86334141454944,-1.718654968499164],[-78.87991940419867,-1.740699997987604],[-78.90597137364018,-1.732593873556109],[-78.93248769703902,-1.757135380095231],[-78.9833969226815,-1.754930944810344],[-79.01259780480562,-1.774768030475368],[-79.02287636594382,-1.856707305560919],[-79.00804053559791,-1.944426435523376],[-79.03777835797885,-2.060419867749208],[-79.02302629532679,-2.075621166506518],[-79.02616964256842,-2.101920313576707],[-79.05203361697556,-2.149827055629406],[-79.1254653259498,-2.203044352124],[-79.1321504370799,-2.174742823307678],[-79.1053269260138,-2.143712840099176],[-79.12106775542448,-2.141027422257528],[-79.11645306874289,-2.125373516911877],[-79.15843847697457,-2.120361744988001],[-79.17585391858353,-2.145916397900417],[-79.22375439176112,-2.121921722260754],[-79.23156010923087,-2.108165411891413],[-79.20544385091085,-2.108493623166326],[-79.22194043433075,-2.084313068959733],[-79.18805277811917,-2.076943055121297],[-79.22662444743345,-2.076564346182098],[-79.26646489358792,-2.028054983757715],[-79.27118282181013,-2.002040594397923],[-79.24015894508099,-1.991171321090551],[-79.25602805554702,-1.978243055955723],[-79.25602793760902,-1.941037613918795],[-79.24621311920404,-1.857974937110187],[-79.23010782432223,-1.844733464916933],[-79.25201020626098,-1.814774281645106],[-79.2388499275585,-1.804823483243753],[-79.24897863369341,-1.787461714523023],[-79.23068107922907,-1.758482128027467],[-79.24283535700003,-1.753250390922851],[-79.23483212078,-1.732740817987242],[-79.24950647191271,-1.723614772733412],[-79.26957170202664,-1.698418649440557],[-79.27324711499266,-1.668807954653442],[-79.29132625602716,-1.669455474437549],[-79.28854993188416,-1.651328669955137],[-79.31954350903739,-1.659705053046836],[-79.3199444443389,-1.647644444276908],[-79.35565444584748,-1.63773631552699],[-79.31674972219919,-1.62758194443639],[-79.29870468099813,-1.599418391844628],[-79.2786168030169,-1.610477517451901],[-79.24810649748025,-1.561057214158319],[-79.24521109735575,-1.543600005327411],[-79.32182882267598,-1.512715235939033],[-79.33128328503687,-1.461150573262765],[-79.34715298087119,-1.471720784094849],[-79.36130555531187,-1.451818611280734],[-79.31682511778405,-1.437676701712232],[-79.33646883468205,-1.436492632309313],[-79.32781181791403,-1.396885474443831],[-79.28886866192566,-1.393634572590178],[-79.29701443404025,-1.355603327067611],[-79.27844873083178,-1.354866839928635],[-79.26649222775714,-1.331388249078066],[-79.31646141526963,-1.325750581345488],[-79.33718183872311,-1.292932010944883],[-79.36941769208539,-1.328289773475359],[-79.39260063281031,-1.322224233043377],[-79.34915177137796,-1.272184179286161],[-79.33459382682636,-1.22646469298136],[-79.30771941272023,-1.20737872038237],[-79.26061386680999,-1.207696314670364],[-79.22049297347242,-1.174760853250685],[-79.10544763207015,-1.151187785001257]]]}},{"type":"Feature","properties":{"PROVINCIA":"CANAR"},"geometry":{"type":"Polygon","coordinates":[[[-79.13677897554732,-2.212487905511254],[-79.12970628113263,-2.243239011454378],[-79.10027486518773,-2.254661417292406],[-79.02683341277321,-2.363170088176023],[-78.91246426543395,-2.419607382054481],[-78.88470317217563,-2.392892888773274],[-78.84223016780909,-2.398683846079232],[-78.82875843278013,-2.380338439941262],[-78.79877753567342,-2.383303091987373],[-78.75999904790969,-2.331151691092272],[-78.7234857610709,-2.31490777141816],[-78.7121294649934,-2.334521961505942],[-78.68258834189122,-2.338232878690294],[-78.71311710820719,-2.408107191463202],[-78.73776981657925,-2.42132720145539],[-78.69715696430023,-2.449520538158738],[-78.66793482740508,-2.451620457474376],[-78.66806036768489,-2.436995332010964],[-78.64868502896202,-2.433593054795423],[-78.62379589050863,-2.455601486690231],[-78.54579542736482,-2.335521557757428],[-78.50053968695505,-2.381421406835891],[-78.48532009656833,-2.372538123053424],[-78.48160065571896,-2.414139491838629],[-78.46235842232228,-2.421040878165875],[-78.48513567786527,-2.437503048996881],[-78.50459196892535,-2.529932794135533],[-78.54534262924119,-2.58625099339383],[-78.53314813006402,-2.626977440460626],[-78.56308166276015,-2.606747783103113],[-78.56584383131111,-2.554430947375006],[-78.62216877054175,-2.593850256130593],[-78.61677500028354,-2.627458333533766],[-78.65835314077474,-2.654667884855135],[-78.66684237559195,-2.677331279005857],[-78.68668240301585,-2.669421422817777],[-78.7325067210333,-2.691314725471239],[-78.77081250199375,-2.672422045885166],[-78.80085921606576,-2.712701515772806],[-78.79501996625541,-2.774227053593544],[-78.81540409438239,-2.778549952542005],[-78.81541290548905,-2.822274583868997],[-78.87496207115917,-2.819208276427172],[-78.88048986226613,-2.841277100055408],[-78.94451367965323,-2.828920832769707],[-78.94852073576581,-2.775599743569696],[-78.97393229525193,-2.748505276186699],[-78.99521090698262,-2.748499917724134],[-78.98545981038527,-2.719632716263586],[-79.01020392346909,-2.713713241684498],[-79.03450713916844,-2.646167342308293],[-79.08026312467784,-2.648123731064687],[-79.09393522544917,-2.696915552789328],[-79.12003849111116,-2.716774657321193],[-79.14363050216336,-2.714138885844784],[-79.14532873454763,-2.731198425349295],[-79.17672165505118,-2.745032329793663],[-79.21474790883396,-2.723002897497471],[-79.2063309486762,-2.692664854859328],[-79.23263573297902,-2.693395516716789],[-79.30375223426488,-2.619423020345357],[-79.30417635112765,-2.572018242840772],[-79.36468367836426,-2.572483171531141],[-79.36192756749492,-2.544199058378878],[-79.37705879090657,-2.542678831553981],[-79.39513615301486,-2.497086793150967],[-79.46172000037139,-2.500744062225876],[-79.50892569044157,-2.539647946237975],[-79.51594342724712,-2.526941878305035],[-79.48847599936218,-2.510948969334331],[-79.5223385888372,-2.505353434593476],[-79.52419484208318,-2.487854837376834],[-79.42525410170371,-2.43062399982545],[-79.4481222287566,-2.420070058627611],[-79.41868108593566,-2.378333427905334],[-79.4336264117197,-2.373333358347434],[-79.41601960537481,-2.335885682004024],[-79.39333583296933,-2.358752356066597],[-79.33596530525452,-2.371529826167487],[-79.30603654950761,-2.401164946532255],[-79.263729721774,-2.389488888627201],[-79.25240389397872,-2.352834466731488],[-79.21590159148325,-2.353817636328723],[-79.19008638906843,-2.32874833365692],[-79.2088010983965,-2.312913186116652],[-79.17536860567168,-2.303798553382642],[-79.13677897554732,-2.212487905511254]]]}},{"type":"Feature","properties":{"PROVINCIA":"CARCHI"},"geometry":{"type":"Polygon","coordinates":[[[-78.50632819330683,1.196502738757293],[-78.46298791823433,1.176013355493589],[-78.43212880724386,1.189366170389589],[-78.43858449279293,1.158332469982082],[-78.4218857285569,1.138183664311011],[-78.41800276961257,1.160093520889814],[-78.3952993068311,1.152290684707495],[-78.3747126726944,1.174410282382613],[-78.31114737170228,1.190884622365378],[-78.28253304052788,1.111493955386098],[-78.25091060001643,1.098998295997684],[-78.25250192950591,1.078905501612271],[-78.27759655871246,1.072170798811779],[-78.2818838603449,1.05589612145892],[-78.20221332496546,0.997087927747321],[-78.19908560041449,0.947044035423396],[-78.15398466483083,0.924009620594979],[-78.11211934095148,0.932241110142137],[-78.08915028844552,0.897068548831133],[-77.98999863327721,0.856987728166774],[-77.9661105810048,0.824355972672526],[-77.84259691488315,0.802302561690676],[-77.80367449457083,0.831205502400754],[-77.70870129118299,0.848366808173474],[-77.66383566496177,0.813436641150852],[-77.67688924596148,0.792201011048816],[-77.66161922007248,0.789996432615994],[-77.69746888098939,0.740741140322526],[-77.5635429224249,0.650742419353265],[-77.53451731790284,0.652856711121078],[-77.53137074908663,0.648652429498957],[-77.5661944790562,0.634499003523863],[-77.68594545781048,0.641160304776076],[-77.68795277457467,0.617948353413348],[-77.65585864977106,0.603109361021244],[-77.80713163813412,0.427136743516536],[-77.81335670425737,0.403605480156776],[-77.79552192554641,0.380657765896983],[-77.81575462719046,0.349146032398859],[-77.83475659425864,0.344389619784577],[-77.86473298070388,0.381143773290141],[-77.92399671785863,0.401650133198369],[-78.01110288401661,0.473558326516917],[-78.0897905309646,0.478774079603901],[-78.1295873653395,0.530321876145487],[-78.13363241781973,0.615067892936617],[-78.18721181653146,0.669212433223955],[-78.2042464170908,0.718019360777833],[-78.27156926386337,0.78457267965577],[-78.30279216618908,0.792347409009781],[-78.33079724886865,0.821934700827881],[-78.386735032306,0.825041270001294],[-78.4357332312028,0.873320700081544],[-78.49599958343536,0.891543680048388],[-78.5467935750111,0.941520401222038],[-78.53633249329053,0.980573130793127],[-78.54740365635953,1.031644695289802],[-78.52225262898314,1.06862156226887],[-78.49990099869736,1.075002453030342],[-78.51283732817454,1.171327979783474],[-78.49576562108986,1.184647705237185],[-78.50632819330683,1.196502738757293]]]}},{"type":"Feature","properties":{"PROVINCIA":"COTOPAXI"},"geometry":{"type":"Polygon","coordinates":[[[-78.94051910765675,-0.331793868090668],[-78.91833262757142,-0.340316962365305],[-78.89308916274753,-0.412794900493117],[-78.86155762696553,-0.43375969724776],[-78.83230402602487,-0.524698584134935],[-78.73342118978188,-0.559655838599524],[-78.73913140979063,-0.621964896768148],[-78.71585820776846,-0.663064162942975],[-78.64811997116958,-0.642808666475078],[-78.61154926389877,-0.597488036414788],[-78.5794081474462,-0.617866163656612],[-78.55966453339735,-0.612753683150371],[-78.55136465297699,-0.633831274156682],[-78.5378237963001,-0.619698408155248],[-78.48784329361351,-0.636803856167847],[-78.47355613609885,-0.613205922110512],[-78.45082096877853,-0.620760611179724],[-78.42989611145815,-0.600899746532994],[-78.37602507913616,-0.638776084338541],[-78.36352190700228,-0.661790515712278],[-78.39637497288041,-0.676349237468036],[-78.41122265600836,-0.719429277194304],[-78.39291882528255,-0.747424840626036],[-78.38994897799122,-0.819920955833409],[-78.403054229083,-0.870977034989624],[-78.42765416185708,-0.878855017833551],[-78.40743335598864,-0.913821628021634],[-78.42975190302758,-0.944893493762267],[-78.39559405806463,-0.962988349761716],[-78.39395510593586,-0.990840307218852],[-78.46587637289062,-1.088049601911244],[-78.50211549221224,-1.094184723682077],[-78.52339665809917,-1.059294161520211],[-78.55925917243705,-1.058863079526806],[-78.57652683195059,-1.073919590630661],[-78.56247022892163,-1.084108647778684],[-78.56770808817802,-1.115657214506026],[-78.61346261675749,-1.11012114643388],[-78.66673245191336,-1.155054901207885],[-78.76081853560308,-1.135447212610545],[-78.84592005169839,-1.183051967909682],[-78.85928558179184,-1.173583245301113],[-78.89166294157246,-1.202985710046749],[-78.98598935748021,-1.219994524942601],[-79.02729032950721,-1.208034945356731],[-79.10679620275381,-1.149885998332897],[-79.22049297347242,-1.174760853250685],[-79.26061386680999,-1.207696314670364],[-79.28880469581327,-1.205569765338678],[-79.28673605235035,-1.178956529170815],[-79.31503168396164,-1.166657322547725],[-79.33994277108565,-1.125854973957804],[-79.29370890235343,-1.008894901317125],[-79.2932912422313,-0.987612334493122],[-79.3205138449697,-0.998248027247212],[-79.3062922361507,-0.928761275594473],[-79.28674120501546,-0.890470382754639],[-79.2436094443062,-0.878758056181957],[-79.22042127646283,-0.81150042066283],[-79.18683389322064,-0.799198341052728],[-79.18662458356548,-0.763952351874474],[-79.13923823908254,-0.712771898504129],[-79.12891600271688,-0.649380993555526],[-79.08348706127668,-0.566795642228453],[-79.112828751075,-0.541417739848359],[-79.10096964864658,-0.525037044544565],[-79.07014931947012,-0.523613493226099],[-79.0314017119674,-0.483329514663617],[-79.01151563960681,-0.41797812991659],[-78.97330277167674,-0.408591711683999],[-78.96211560005897,-0.369463906898058],[-78.93292083305461,-0.360889999760538],[-78.94051910765675,-0.331793868090668]]]}},{"type":"Feature","properties":{"PROVINCIA":"CHIMBORAZO"},"geometry":{"type":"Polygon","coordinates":[[[-78.77257108811057,-1.430128986629136],[-78.68883637701009,-1.496417173941742],[-78.63641554288226,-1.493164693226317],[-78.63564805513533,-1.508403889005061],[-78.56310195645807,-1.475648908582485],[-78.53996090818653,-1.479847208909466],[-78.54204766781035,-1.460115635489954],[-78.5131825000705,-1.474183333060027],[-78.49890534343506,-1.43394773358392],[-78.42332242807358,-1.485347647376854],[-78.36446666632898,-1.496963888863745],[-78.35754820019801,-1.519117887034213],[-78.37649178121086,-1.53603080434821],[-78.36381210443469,-1.644873007203398],[-78.43221780130402,-1.685411896369599],[-78.46759036738868,-1.75190866020221],[-78.4458690735241,-1.762122136041702],[-78.3971084133796,-1.852238789348486],[-78.4036461608025,-1.878679974152901],[-78.45732657447397,-1.921489678322017],[-78.46359017759042,-1.949855937594147],[-78.48931379605861,-1.958972152096037],[-78.4789393072725,-2.00332133129233],[-78.45870060536892,-1.989931037461964],[-78.44189224390834,-2.011637470406814],[-78.45250750121747,-2.064147325566065],[-78.43328754629441,-2.090041636211863],[-78.45015981512138,-2.117971015754528],[-78.5134542655906,-2.133076506992042],[-78.4885074758544,-2.220892729831793],[-78.50507758216445,-2.246494892600607],[-78.53634599618255,-2.242052291123716],[-78.55021393925769,-2.305108020664081],[-78.5850954861537,-2.311178205360436],[-78.581561221106,-2.328693478765665],[-78.54580249484343,-2.335834583267918],[-78.62379589050863,-2.455601486690231],[-78.64852657327917,-2.43362388004351],[-78.67372598650368,-2.452451075674805],[-78.73757622725668,-2.426787986851889],[-78.71311710820719,-2.408107191463202],[-78.68257847064635,-2.340234328094839],[-78.71220813752562,-2.334458814417296],[-78.71450382937061,-2.31405852999518],[-78.75424306073694,-2.326112325010185],[-78.79877753567342,-2.383303091987373],[-78.82875843278013,-2.380338439941262],[-78.84223016780909,-2.398683846079232],[-78.88470317217563,-2.392892888773274],[-78.91246426543395,-2.419607382054481],[-79.02683341277321,-2.363170088176023],[-79.10027486518773,-2.254661417292406],[-79.12970628113263,-2.243239011454378],[-79.13716888040264,-2.212114575257314],[-79.25456805530143,-2.217657500446074],[-79.2483369444952,-2.196348889028264],[-79.11078319952075,-2.201366545635235],[-79.03671890745683,-2.126542409824917],[-79.02293348846368,-2.076349445261953],[-79.03777396902967,-2.060343189067567],[-79.00665321963369,-1.924746389559838],[-79.02287636594382,-1.856707305560919],[-79.01259780480562,-1.774768030475368],[-78.9833969226815,-1.754930944810344],[-78.93248769703902,-1.757135380095231],[-78.90597137364018,-1.732593873556109],[-78.87991940419867,-1.740699997987604],[-78.86334141454944,-1.718654968499164],[-78.85125390483509,-1.628699138526674],[-78.88766982618796,-1.629561346999124],[-78.89769194926589,-1.60101683280442],[-78.86769135135671,-1.51282451273057],[-78.8777949098663,-1.49140167053858],[-78.84365079233021,-1.459575839415741],[-78.77257108811057,-1.430128986629136]]]}},{"type":"Feature","properties":{"PROVINCIA":"EL ORO"},"geometry":{"type":"Polygon","coordinates":[[[-79.84796519437732,-3.049164867296679],[-79.764976976895,-3.060996572922663],[-79.7308762926785,-3.097585386105039],[-79.61971634224577,-3.136649961099454],[-79.59868049120718,-3.180648529038637],[-79.60141032563556,-3.215035718212908],[-79.62774108189062,-3.232152865876743],[-79.64423459190562,-3.302308889166248],[-79.66889547800821,-3.32171396064786],[-79.61043111560541,-3.329378459082576],[-79.51489076719176,-3.307440928921463],[-79.46151946826498,-3.330171432084812],[-79.47470357463378,-3.398226699908294],[-79.46128439032792,-3.431485150098342],[-79.42202924503718,-3.443717572309189],[-79.48125991500348,-3.514006753951228],[-79.47907968957608,-3.58079187204728],[-79.49865399249987,-3.609605985644354],[-79.48250832467173,-3.636237534041698],[-79.42807323858035,-3.578944070706358],[-79.41543251273454,-3.607215520160186],[-79.3722161619008,-3.63849245737201],[-79.37578185112685,-3.690590841580986],[-79.41597890638548,-3.725693504476156],[-79.40506446027455,-3.782727405893755],[-79.44433216030461,-3.812899957908812],[-79.50045818778574,-3.789534914349455],[-79.56606105401465,-3.802386664464759],[-79.61907423164855,-3.750124334666595],[-79.68030124642294,-3.778887456296563],[-79.72454481830736,-3.832326674909249],[-79.79159500026107,-3.845948544306716],[-79.86424122213558,-3.820360341796716],[-79.95421273844613,-3.828291406755804],[-80.01155758719229,-3.867853812434149],[-80.13312834739138,-3.88993755155062],[-80.15959972703169,-3.868549551048697],[-80.16060896842201,-3.802451790250136],[-80.19316492023825,-3.77491148764907],[-80.18025231502556,-3.735305928255695],[-80.199603089065,-3.68822230976475],[-80.1870808248894,-3.670393311453556],[-80.18856159099258,-3.599847109270248],[-80.2187940050523,-3.575129771562648],[-80.20522488369187,-3.552333593179464],[-80.21580594858219,-3.500631592004817],[-80.24576203245572,-3.48581626028747],[-80.22126880977264,-3.436283508721399],[-80.31368527234653,-3.392125030382253],[-80.27106197115856,-3.326271711565514],[-80.2098865969585,-3.343113574684703],[-80.11960613147527,-3.333411559429766],[-80.06485621959659,-3.283663206033487],[-80.02959259508803,-3.209174086637104],[-80.00107787111655,-3.262533636085085],[-79.99428974785694,-3.224648296858119],[-79.93114178048819,-3.16274854860561],[-79.90755838505724,-3.160489665771681],[-79.89238039303282,-3.054244866598743],[-79.89228654413019,-3.075827416392218],[-79.87783696050126,-3.075258259995301],[-79.84796519437732,-3.049164867296679]]]}},{"type":"Feature","properties":{"PROVINCIA":"ESMERALDAS"},"geometry":{"type":"Polygon","coordinates":[[[-78.77751561082987,1.390673619737771],[-78.75887709933887,1.393864189876963],[-78.69473494940428,1.330176422692093],[-78.66101623067652,1.319697403327506],[-78.64906270972864,1.276524456153526],[-78.62145888831431,1.250064891660137],[-78.5441656580036,1.244748691529161],[-78.54712942376952,1.226941876939523],[-78.5139100384883,1.213444862997466],[-78.51681332576057,1.188415422594977],[-78.49579401100148,1.185145885403334],[-78.51347662702685,1.158803033092797],[-78.49990099869736,1.075002453030342],[-78.52225262898314,1.06862156226887],[-78.54740365635953,1.031644695289802],[-78.53633249329053,0.980573130793127],[-78.54687569678975,0.941739866286238],[-78.4959850536641,0.891533851466091],[-78.45318100305923,0.878899788068007],[-78.44160211686217,0.813887581195258],[-78.46742368152732,0.773654477573121],[-78.53629916193537,0.77243564877308],[-78.51639875326417,0.752358439172175],[-78.52444782198485,0.728547573902475],[-78.4923168845787,0.706410743721388],[-78.4607831301664,0.628814969819182],[-78.4299152333487,0.60132336887738],[-78.42884790572498,0.574564796796457],[-78.45366095098494,0.538608046072817],[-78.49814026763973,0.545590039028099],[-78.55187392438096,0.51859318457743],[-78.56029619907852,0.482586155833026],[-78.6005513302592,0.459792142946505],[-78.61689657418601,0.410773788064351],[-78.65939669601106,0.37688346013748],[-78.68810977007325,0.376256141474523],[-78.71856728380834,0.402986090735201],[-78.79793128749823,0.40111598474511],[-78.83363075000933,0.435600101055795],[-78.89235961839836,0.388392835197081],[-78.89533476392059,0.368000531551067],[-78.9110083805705,0.362646296326074],[-78.91099898361016,0.401543711639914],[-78.92774836765514,0.393700495352188],[-78.9612430754439,0.349282375745139],[-79.02291898487492,0.306675107681163],[-79.16209281498827,0.348102076084591],[-79.2717841582014,0.337047252428215],[-79.2980339943116,0.259454570411644],[-79.3631020232335,0.239558139879128],[-79.3041018360352,0.17323130063124],[-79.32490926311219,0.156202617066946],[-79.3679803502073,0.022421211421794],[-79.42754258902063,0.024264840362684],[-79.4245966806458,0.004748523275823],[-79.46362167119362,0.00450289873771],[-79.44717496818295,-0.029913476707913],[-79.43244316394764,-0.027611248307153],[-79.44864138758975,-0.039680874936592],[-79.5793371843787,-0.018302761476258],[-79.60079650103201,-0.030679522861091],[-79.62570101509782,0.036301379124214],[-79.56934499900622,0.115090343894164],[-79.61666841805712,0.132422994104149],[-79.62597076684982,0.157899120783617],[-79.65131243376086,0.143166281813191],[-79.66533238563619,0.178078082988608],[-79.68280189526097,0.164023849030748],[-79.71154395575685,0.182066596864818],[-79.66547817416644,0.262273842004477],[-79.7187272624577,0.29366526145257],[-79.72242993456368,0.319420241205218],[-79.70561105297917,0.343345845579621],[-79.72168292079785,0.372516857985286],[-79.77641047246456,0.381223455448301],[-79.81556954697551,0.345764224883735],[-79.8106049630323,0.322194112426381],[-79.90425993945945,0.315143663328181],[-79.89467038637609,0.302098435788315],[-79.92310035189661,0.255513675373158],[-79.9767575394161,0.267889275118186],[-79.99485818289313,0.34370680992068],[-80.04181374008525,0.397885485803309],[-80.02494382057077,0.417928087067522],[-80.05566250099072,0.46714942568537],[-80.04784024443053,0.49468821216256],[-80.01845399070292,0.51282107226612],[-80.00287771549286,0.566275315880907],[-80.03709176247506,0.632871928000124],[-80.06813125111542,0.656048983460001],[-80.08774233560251,0.648396010030218],[-80.10042294332825,0.680594631953732],[-80.0968559255461,0.764858171423854],[-80.05129932502989,0.825268846662954],[-79.95229077557708,0.825872679324749],[-79.91695232464153,0.8570829344262],[-79.80865299211062,0.894998559095461],[-79.73820725277,0.964385629487348],[-79.64930261666035,0.997434001433295],[-79.60800831353933,0.985038651622174],[-79.55321071875214,0.993855146578983],[-79.39590554371155,1.082616993358369],[-79.36873556510203,1.069338343628685],[-79.25948950789642,1.087208070008839],[-79.24937872942496,1.072944673983167],[-79.17176321358374,1.092926576411117],[-79.08755285512471,1.168617652682704],[-79.04683362126234,1.243683176931269],[-78.98305510472866,1.281565578714848],[-78.91049395756383,1.375353788962652],[-78.88600778684966,1.38310740081286],[-78.8686861004057,1.469580599643935],[-78.80223299587297,1.428218798878666],[-78.77751561082987,1.390673619737771]]]}},{"type":"Feature","properties":{"PROVINCIA":"GUAYAS"},"geometry":{"type":"MultiPolygon","coordinates":[[[[-80.13818996728399,-2.696840367819711],[-80.1294066154861,-2.701945111438881],[-80.140921321921,-2.701564369297394],[-80.13818996728399,-2.696840367819711]]],[[[-80.0355770617876,-2.675505286565067],[-79.90262766649487,-2.738711122267512],[-79.9100788101515,-2.774926946165848],[-80.00214191350943,-2.816564661395731],[-80.06543912749571,-2.927827456383381],[-80.0939108952761,-2.933468475315901],[-80.12311079136973,-3.020170700294484],[-80.1672144883559,-3.015293521737912],[-80.19340697272322,-3.041348195390894],[-80.2564599982185,-3.027534766818844],[-80.27447255695282,-3.004008462255328],[-80.26297571302938,-2.862027687687814],[-80.21810017646004,-2.764461146881029],[-80.22095979972374,-2.738599760773162],[-80.0355770617876,-2.675505286565067]]],[[[-79.90867516496665,-2.675425545346739],[-79.91813711501568,-2.676166654977001],[-79.91287671203901,-2.66411339433396],[-79.90867516496665,-2.675425545346739]]],[[[-80.1734065734646,-2.658708168671144],[-80.1898018451165,-2.66395685003661],[-80.17234840775515,-2.653759199730356],[-80.1734065734646,-2.658708168671144]]],[[[-80.19291656019935,-2.646599210607731],[-80.19013147805613,-2.6550736875359],[-80.2000539495179,-2.654311251619001],[-80.19291656019935,-2.646599210607731]]],[[[-79.79948042266322,-2.532156620371897],[-79.81572867579027,-2.525586742981536],[-79.81438704652138,-2.517417701617026],[-79.79948042266322,-2.532156620371897]]],[[[-79.81648816877936,-2.550805456464039],[-79.83964642015465,-2.659496486708819],[-79.88762122628226,-2.65210556533976],[-79.84819025086296,-2.469553258227703],[-79.81648816877936,-2.550805456464039]]],[[[-79.81317012585039,-2.429524401504087],[-79.80229761894236,-2.490207802343163],[-79.78405114481357,-2.51871019592076],[-79.79523694562448,-2.530587854381973],[-79.84235196863537,-2.450652538820111],[-79.83465355254421,-2.409109931092882],[-79.81317012585039,-2.429524401504087]]],[[[-79.57323764497622,-0.845579065010706],[-79.50696952784666,-0.858210817976034],[-79.54359519397244,-0.954370816583817],[-79.56390847388326,-0.962938791409268],[-79.52429273434217,-0.971330996870363],[-79.56170305598881,-0.983534530912071],[-79.58787670908278,-1.069159123208427],[-79.61705749350205,-1.064211563798414],[-79.64217957892205,-1.109486822875897],[-79.6837717436007,-1.123059222590063],[-79.68846039003064,-1.152930861400014],[-79.71567239387893,-1.153153653180713],[-79.7182592177349,-1.180821061629185],[-79.74872924380873,-1.192047545281508],[-79.76402802638367,-1.269051653069279],[-79.8650598066459,-1.421589016006562],[-79.8619774450106,-1.487120677556515],[-79.87810323803582,-1.523349351153883],[-79.85339183222554,-1.578511286139986],[-79.87131552721885,-1.601856882351692],[-79.86147352548197,-1.647779439167858],[-79.83765040797428,-1.654823717289819],[-79.8555155467166,-1.666342588157791],[-79.82670852948631,-1.674691092954879],[-79.83988370911128,-1.685709615711981],[-79.82610620466765,-1.707665334063995],[-79.74739351191418,-1.736085144706016],[-79.7484198994672,-1.787495209285021],[-79.71927499934074,-1.827811267350415],[-79.73134691701189,-1.846192883478373],[-79.68573620500804,-1.867972716017451],[-79.65697830640214,-1.923057904968213],[-79.64819444416563,-1.899200000410795],[-79.6206890018975,-1.913415657210785],[-79.55559818912937,-1.885547244850374],[-79.4889647118776,-1.884264596708102],[-79.44296876327809,-1.938345270768562],[-79.41954071100018,-1.935193210508549],[-79.40092991590595,-1.96766214961923],[-79.36865040991495,-1.971268190943374],[-79.31805471599229,-2.081219500647462],[-79.27245967216629,-2.113197639496972],[-79.23859305965743,-2.132480087468771],[-79.23581070011763,-2.10399561494779],[-79.17585391858353,-2.145916397900417],[-79.16168973401132,-2.121696238644014],[-79.12703246866225,-2.117733751082541],[-79.12106775542448,-2.141027422257528],[-79.1053269260138,-2.143712840099176],[-79.1321504370799,-2.174742823307678],[-79.12698971871342,-2.20270599258546],[-79.2483369444952,-2.196348889028264],[-79.24892606915247,-2.220654851542762],[-79.14295000014975,-2.212581938219655],[-79.17536860567168,-2.303798553382642],[-79.2088010983965,-2.312913186116652],[-79.19008638906843,-2.32874833365692],[-79.21590159148325,-2.353817636328723],[-79.24753713218266,-2.349534024084659],[-79.263729721774,-2.389488888627201],[-79.30603654950761,-2.401164946532255],[-79.33596530525452,-2.371529826167487],[-79.39333583296933,-2.358752356066597],[-79.41601960537481,-2.335885682004024],[-79.4336264117197,-2.373333358347434],[-79.41868108593566,-2.378333427905334],[-79.4481222287566,-2.420070058627611],[-79.42525410170371,-2.43062399982545],[-79.52419484208318,-2.487854837376834],[-79.5223385888372,-2.505353434593476],[-79.48847599936218,-2.510948969334331],[-79.51594342724712,-2.526941878305035],[-79.50892569044157,-2.539647946237975],[-79.45357512419284,-2.498619948566465],[-79.39513615301486,-2.497086793150967],[-79.37918722248591,-2.529654166559605],[-79.428287350492,-2.518038777885908],[-79.42499777936528,-2.606784632786466],[-79.47309777765928,-2.607571944199387],[-79.46004010835314,-2.657386325909623],[-79.48696936205506,-2.677846011468438],[-79.50294075920124,-2.767744292697373],[-79.63013663773972,-2.823622053074173],[-79.67031557320821,-2.824850485737087],[-79.60138769153272,-2.857748125775259],[-79.59170409817943,-2.876597679047767],[-79.5516587835396,-2.87730438581519],[-79.55077055993037,-2.889544670544359],[-79.62014879273048,-2.892131524441468],[-79.5857519440511,-2.908101111109453],[-79.64585426373276,-2.956101374054099],[-79.64525200775115,-2.989478685932152],[-79.6699458714408,-2.971505169436015],[-79.72586683743003,-2.979211981421777],[-79.71229240465222,-3.015344896124955],[-79.73405209907534,-3.009989434619188],[-79.76014812235994,-3.06337863633411],[-79.84994415827761,-3.047187319600128],[-79.87018293126951,-3.060258922445277],[-79.84547151520681,-2.99852644222499],[-79.85307896816839,-2.879132527652872],[-79.81594793646286,-2.845028796991439],[-79.81862691439142,-2.795448936057517],[-79.79202228264094,-2.756247460958555],[-79.78515513164474,-2.660887283157362],[-79.80344103078718,-2.615230981747189],[-79.78623683740622,-2.547358078116546],[-79.76899145300705,-2.533430355853999],[-79.81599594408952,-2.410746229130867],[-79.85986088841676,-2.396614681713821],[-79.8558217986654,-2.431551374752714],[-79.89831345264611,-2.572289098396929],[-79.94463067567071,-2.608103762286668],[-79.93835665488831,-2.656383684269449],[-79.99467931171057,-2.649330147319069],[-80.03050665364717,-2.613863038500364],[-80.06109111273965,-2.610955527634942],[-80.06837419610132,-2.590146295136813],[-80.06597967766038,-2.568135789018938],[-80.02861034461674,-2.552594189237333],[-80.01769867331703,-2.53089402304942],[-80.0163672819349,-2.507265375770882],[-80.03575471953107,-2.499916550749922],[-80.02508552820689,-2.428980259959222],[-80.00850835088609,-2.432070839084524],[-80.00531635328684,-2.365159505726147],[-79.9805616132185,-2.36489449442149],[-79.93851283292992,-2.314569237231322],[-79.91212890757939,-2.31467576830036],[-79.91173695283273,-2.297959328273039],[-79.93991637213672,-2.301472246100436],[-79.98144696141769,-2.344683290062181],[-80.02057473063367,-2.345444348958472],[-80.10609480210519,-2.527607569007269],[-80.14785405884244,-2.571229096991228],[-80.15928038447949,-2.566740943810052],[-80.17309505432456,-2.596475592923632],[-80.20984335013299,-2.6051022168195],[-80.24374915379408,-2.644936046102789],[-80.25821729410092,-2.639236570538961],[-80.24082858770741,-2.706952245934518],[-80.25386384166767,-2.743518474025033],[-80.31397482882556,-2.715471186029521],[-80.39206277691486,-2.639300532450316],[-80.43532835416356,-2.641522394313424],[-80.56355212798488,-2.50676787895818],[-80.54295646316689,-2.488872671380374],[-80.45982889752953,-2.491459321759478],[-80.44755462585591,-2.374591668843105],[-80.38270171461163,-2.379986952467539],[-80.36870495541845,-2.343609703225976],[-80.32318932530717,-2.350263567294575],[-80.28419278719015,-2.336886993229456],[-80.28473462652774,-2.274589036512423],[-80.2648216581332,-2.264774459050543],[-80.26371858421922,-2.244185412316592],[-80.23521102007724,-2.252413324087975],[-80.23331741874829,-2.233296117475457],[-80.20033047177566,-2.210715417243982],[-80.23871682647257,-2.191906143311971],[-80.2449521667224,-2.115063045170598],[-80.26851457178144,-2.083588290125907],[-80.30351240547395,-2.092355112448809],[-80.321201860375,-2.074612175689496],[-80.31271779946348,-2.063770411976534],[-80.3448379516855,-1.997897842254311],[-80.41073572899491,-1.983131167408962],[-80.44194722186609,-1.956902778214941],[-80.41710256902242,-1.881720202273598],[-80.4409183144265,-1.886668326672077],[-80.44659764674022,-1.883060386594439],[-80.43409866838942,-1.88360158981472],[-80.44075349768939,-1.858785774725909],[-80.40747091620152,-1.831459797858051],[-80.42622474799809,-1.808943782834869],[-80.41919924000719,-1.786401449088002],[-80.39232890515892,-1.776193677970314],[-80.35080436013489,-1.722840891372783],[-80.33329694432449,-1.723958333395441],[-80.32417791537517,-1.682880622275414],[-80.29031943008445,-1.710118772585693],[-80.28024021173485,-1.703257285422715],[-80.3001192066344,-1.686532719298262],[-80.28802745659628,-1.678632958367073],[-80.21028009034617,-1.694290781826298],[-80.22363064802485,-1.616151389540818],[-80.25259303461328,-1.616151414483116],[-80.28425191531913,-1.56932183527525],[-80.22021309940983,-1.574318619961972],[-80.19269792030323,-1.55081957270448],[-80.17162113082522,-1.526528742563517],[-80.20565624814435,-1.498277348645474],[-80.19697439859958,-1.425017407732077],[-80.14486392782915,-1.407211311163603],[-80.15375890911979,-1.366758717960496],[-80.13754011869509,-1.324121568839443],[-80.09551367819324,-1.326465397898041],[-80.04112866716912,-1.275395800034831],[-80.02535219637853,-1.276947875504702],[-80.03917355434771,-1.258040122970144],[-80.01080112564047,-1.204952661744159],[-79.98630282365376,-1.176356540079326],[-79.96089071612208,-1.189686520959436],[-79.95036932552813,-1.178845675128862],[-79.95308555426652,-1.164568633444392],[-79.97021266598092,-1.168617497523597],[-79.96326289358753,-1.139333927131164],[-79.94278876457564,-1.155809654623589],[-79.91667962417488,-1.145242482492294],[-79.84534176742946,-1.083961165892485],[-79.83341797960804,-1.050156434540312],[-79.80375800671587,-1.030874092951809],[-79.79711609802531,-0.983110249945026],[-79.77377592756982,-0.97940411272785],[-79.77122694063029,-0.947571304058326],[-79.7311983191912,-0.884472746953259],[-79.70034142341144,-0.886180691673414],[-79.70409851144437,-0.904301761372537],[-79.67071582540568,-0.891326282445671],[-79.66239393184466,-0.903353892904556],[-79.62377188439137,-0.875744854482307],[-79.62638853626493,-0.858161502165226],[-79.57323764497622,-0.845579065010706]]]]}},{"type":"Feature","properties":{"PROVINCIA":"IMBABURA"},"geometry":{"type":"Polygon","coordinates":[[[-78.45124311433653,0.874441932574914],[-78.386735032306,0.825041270001294],[-78.32689333477212,0.820086104690577],[-78.20412536606815,0.717890177769877],[-78.18721181653146,0.669212433223955],[-78.13363241781973,0.615067892936617],[-78.1295873653395,0.530321876145487],[-78.09384883125459,0.48200454913998],[-78.01110288401661,0.473558326516917],[-77.92399671785863,0.401650133198369],[-77.86473298070388,0.381143773290141],[-77.83475659425864,0.344389619784577],[-77.81062287073067,0.353933436480003],[-77.85077419401095,0.305794903150408],[-77.84530371104118,0.27909159451543],[-77.82899722912586,0.27312955234022],[-77.87046549264502,0.207784455235718],[-77.9244008595192,0.19816157662583],[-77.92348874419272,0.182021929037441],[-77.95649447667391,0.157158516428178],[-78.02398210451359,0.188359223924699],[-78.08812980799553,0.189349054366773],[-78.10798921637755,0.158342438587272],[-78.14836298082881,0.158801261552904],[-78.1539816285195,0.141203839027025],[-78.23002606802095,0.121118210737544],[-78.26682111147534,0.137773333677059],[-78.28290991243026,0.128679514013822],[-78.30680689609491,0.182873685310946],[-78.33933231216321,0.203855191761454],[-78.3737342110069,0.159152874088662],[-78.36386475229038,0.208506771918623],[-78.34345598537821,0.229623358188557],[-78.37436832783791,0.261020353311533],[-78.43358106069624,0.195020229589211],[-78.46634980539848,0.259675873126208],[-78.4968966120686,0.277313822962739],[-78.51015916703767,0.226571388694218],[-78.53728856540359,0.205482967904477],[-78.57583047116745,0.225334815202334],[-78.63817187459853,0.206452570261271],[-78.68259877470321,0.22349822997237],[-78.70911213290711,0.215466292144075],[-78.77703434787409,0.243348142679583],[-78.81114964577418,0.230532582909045],[-78.8559503855395,0.237627325746563],[-78.9098923166739,0.213255685806618],[-78.92406547454377,0.221712543879682],[-78.94624797003607,0.203747458430115],[-78.96629952577672,0.223396629509324],[-78.98109942663986,0.210713636525564],[-79.00999975901497,0.225967221728377],[-79.01763773430423,0.2769857690569],[-79.05931205666859,0.307202913158548],[-79.11154354761719,0.298328661372893],[-79.1388430381372,0.321640366778007],[-79.2718634587987,0.31987918422392],[-79.26379230444533,0.340444590834278],[-79.16217545062469,0.348107970009262],[-79.02291898487492,0.306675107681163],[-78.9612430754439,0.349282375745139],[-78.92774836765514,0.393700495352188],[-78.91099898361016,0.401543711639914],[-78.9110083805705,0.362646296326074],[-78.89533476392059,0.368000531551067],[-78.89235961839836,0.388392835197081],[-78.83363075000933,0.435600101055795],[-78.79793128749823,0.40111598474511],[-78.71797215658442,0.402851500364021],[-78.67820868332907,0.373444633563557],[-78.64946280240247,0.382874329822384],[-78.61332973456095,0.416382403914807],[-78.60677256118599,0.452935593220323],[-78.56029619907852,0.482586155833026],[-78.55187392438096,0.51859318457743],[-78.49814026763973,0.545590039028099],[-78.46524211256644,0.532011785434626],[-78.42884790572498,0.574564796796457],[-78.43278855495103,0.607786118854993],[-78.4607831301664,0.628814969819182],[-78.4923168845787,0.706410743721388],[-78.52444782198485,0.728547573902475],[-78.51639875326417,0.752358439172175],[-78.53629916193537,0.77243564877308],[-78.48782959851901,0.768055150567197],[-78.45112451733755,0.789305431128598],[-78.45124311433653,0.874441932574914]]]}},{"type":"Feature","properties":{"PROVINCIA":"LOJA"},"geometry":{"type":"Polygon","coordinates":[[[-79.45511093149834,-3.329615099288028],[-79.37726441778848,-3.349454026236644],[-79.33434616787629,-3.339810020192867],[-79.30542290214007,-3.357338468635117],[-79.30203828618761,-3.435849706834372],[-79.27646128975465,-3.476806166227508],[-79.1812360810325,-3.44078108838284],[-79.13617772047476,-3.527636717012568],[-79.1334480138497,-3.598399732221202],[-79.0951345021984,-3.624992964663598],[-79.10640048035408,-3.647904900003168],[-79.15767346634149,-3.663081857759561],[-79.1614724265876,-3.714966798239201],[-79.1961400780077,-3.726026840555705],[-79.17663901713975,-3.794244364429761],[-79.14301754639337,-3.822099373645488],[-79.14542240046795,-3.856279376493704],[-79.12957312570956,-3.878156533326493],[-79.1514628344475,-3.963740072611715],[-79.13638781964916,-4.035818266762814],[-79.1627388381588,-4.114850129999223],[-79.15997375961777,-4.153311841552281],[-79.10793676521375,-4.185014960992461],[-79.10056690172658,-4.209260318027744],[-79.1147297992874,-4.267402289936643],[-79.10615921880739,-4.289237566072529],[-79.12101179485327,-4.308236116982295],[-79.1074185641677,-4.358709851995025],[-79.11900249288173,-4.42520955517486],[-79.14173671738513,-4.432395874024621],[-79.16637126839005,-4.475539978244237],[-79.19353034817269,-4.477396564247636],[-79.20883620945507,-4.510541666212573],[-79.27985134026922,-4.473132229878357],[-79.32749392609378,-4.509317265918344],[-79.33327792994811,-4.606092934654841],[-79.35925749111881,-4.649496078433373],[-79.38071806300404,-4.656979674446235],[-79.39831992903052,-4.718365298350021],[-79.4276614371558,-4.747295315201082],[-79.45749429685205,-4.701439151724864],[-79.4633432897873,-4.651931169891903],[-79.48840722103549,-4.62476938294045],[-79.49441720854882,-4.581044686493421],[-79.4768796565247,-4.568265334150929],[-79.49609860564341,-4.520928161266962],[-79.54420284829789,-4.52587161731923],[-79.58105726233555,-4.497928457766775],[-79.60028640946996,-4.456352272456669],[-79.64431407003934,-4.433477920333414],[-79.70700350185999,-4.471781747108647],[-79.81325725413704,-4.491020606284384],[-79.87008248495141,-4.414278731062484],[-79.91801009009082,-4.38616707524515],[-79.96130313201552,-4.395711772496472],[-79.99193686585154,-4.380682172739562],[-80.06126521268851,-4.31068992679366],[-80.10420483553808,-4.291356138223443],[-80.14296142044404,-4.285870707108768],[-80.15667543495128,-4.304379448115736],[-80.1714983095531,-4.290122910551072],[-80.18604090060333,-4.334852948707431],[-80.20636189390865,-4.340523854448621],[-80.19495891997545,-4.350150630070763],[-80.21932949614147,-4.354242465806092],[-80.22012595317136,-4.376246217396797],[-80.23227050587063,-4.372943339694922],[-80.2626008407024,-4.411614424441714],[-80.28502615745589,-4.408116360923199],[-80.2918933331987,-4.436424164133932],[-80.3627328375962,-4.479723372379889],[-80.39170551539507,-4.485401605335881],[-80.44938925076639,-4.447890037130812],[-80.45335533898624,-4.382662907168795],[-80.42429504517597,-4.330450687084213],[-80.30637021263429,-4.200156118888217],[-80.35348108759462,-4.220882515140498],[-80.36788387864117,-4.196849298948648],[-80.40944734609707,-4.218192634026776],[-80.43164830698933,-4.195576344723893],[-80.44914322397662,-4.208850299445281],[-80.44728124299523,-4.121004758785486],[-80.46696084947787,-4.127884834319083],[-80.48635205369291,-4.082286702091543],[-80.47174699387267,-4.07426330233117],[-80.48186251647822,-4.054003405890874],[-80.45090702520781,-4.030951314542072],[-80.4465303201699,-3.99688159055757],[-80.36607450691913,-3.98168900677924],[-80.29839089248532,-4.017099876569063],[-80.26281722230628,-3.999991361788275],[-80.23469288681483,-3.948198200929366],[-80.21656383580303,-3.95661587329636],[-80.13988281324639,-3.912538916487395],[-80.1221484157152,-3.885268349686247],[-80.01155758719229,-3.867853812434149],[-79.95421273844613,-3.828291406755804],[-79.86424122213558,-3.820360341796716],[-79.79159500026107,-3.845948544306716],[-79.72454481830736,-3.832326674909249],[-79.68030124642294,-3.778887456296563],[-79.61907423164855,-3.750124334666595],[-79.56606105401465,-3.802386664464759],[-79.50045818778574,-3.789534914349455],[-79.44433216030461,-3.812899957908812],[-79.40640250009702,-3.786003333646525],[-79.41597890638548,-3.725693504476156],[-79.37578185112685,-3.690590841580986],[-79.3722161619008,-3.63849245737201],[-79.41543251273454,-3.607215520160186],[-79.42807323858035,-3.578944070706358],[-79.48250832467173,-3.636237534041698],[-79.49865399249987,-3.609605985644354],[-79.47907968957608,-3.58079187204728],[-79.48125991500348,-3.514006753951228],[-79.42202924503718,-3.443717572309189],[-79.46128439032792,-3.431485150098342],[-79.47470357463378,-3.398226699908294],[-79.45511093149834,-3.329615099288028]]]}},{"type":"Feature","properties":{"PROVINCIA":"LOS RIOS"},"geometry":{"type":"Polygon","coordinates":[[[-79.41668357478592,-0.538571399310274],[-79.34585638506414,-0.54606202894047],[-79.36682705649355,-0.580227719418966],[-79.34558510364415,-0.630527909579391],[-79.37035670550921,-0.654726941411726],[-79.34957955524357,-0.69008768722366],[-79.32379114144204,-0.69876989156373],[-79.2857461531853,-0.696394878522687],[-79.12523939060158,-0.542743890790464],[-79.08348706127668,-0.566795642228453],[-79.12891600271688,-0.649380993555526],[-79.13923823908254,-0.712771898504129],[-79.18668395617881,-0.764063033088909],[-79.18683389322064,-0.799198341052728],[-79.22042127646283,-0.81150042066283],[-79.2436094443062,-0.878758056181957],[-79.28674120501546,-0.890470382754639],[-79.3062922361507,-0.928761275594473],[-79.3205138449697,-0.998248027247212],[-79.2932912422313,-0.987612334493122],[-79.29370890235343,-1.008894901317125],[-79.33994277108565,-1.125854973957804],[-79.31503168396164,-1.166657322547725],[-79.28673605235035,-1.178956529170815],[-79.28880469581327,-1.205569765338678],[-79.33244988651609,-1.223938306514061],[-79.34915177137796,-1.272184179286161],[-79.39260063281031,-1.322224233043377],[-79.36941769208539,-1.328289773475359],[-79.33718183872311,-1.292932010944883],[-79.31646141526963,-1.325750581345488],[-79.26649222775714,-1.331388249078066],[-79.27844873083178,-1.354866839928635],[-79.29701443404025,-1.355603327067611],[-79.28886866192566,-1.393634572590178],[-79.32781181791403,-1.396885474443831],[-79.33646883468205,-1.436492632309313],[-79.31682511778405,-1.437676701712232],[-79.36130555531187,-1.451818611280734],[-79.34715298087119,-1.471720784094849],[-79.33128328503687,-1.461150573262765],[-79.32182882267598,-1.512715235939033],[-79.24521109735575,-1.543600005327411],[-79.24810649748025,-1.561057214158319],[-79.2786168030169,-1.610477517451901],[-79.29870468099813,-1.599418391844628],[-79.31674972219919,-1.62758194443639],[-79.35565444584748,-1.63773631552699],[-79.3199444443389,-1.647644444276908],[-79.31954350903739,-1.659705053046836],[-79.28854993188416,-1.651328669955137],[-79.29132625602716,-1.669455474437549],[-79.27324711499266,-1.668807954653442],[-79.26957170202664,-1.698418649440557],[-79.2317845090047,-1.743607604409127],[-79.25201020626098,-1.814774281645106],[-79.22999998118337,-1.84252606251403],[-79.24621311920404,-1.857974937110187],[-79.25602793760902,-1.941037613918795],[-79.25602805554702,-1.978243055955723],[-79.24015894508099,-1.991171321090551],[-79.27155932115531,-2.004241425600266],[-79.26478930555919,-2.034790503936881],[-79.22774529519269,-2.075589254462692],[-79.18805277811917,-2.076943055121297],[-79.22194043433075,-2.084313068959733],[-79.20771434285594,-2.110824128916377],[-79.24443250803422,-2.103072344864179],[-79.23859305965743,-2.132480087468771],[-79.31805471599229,-2.081219500647462],[-79.36865040991495,-1.971268190943374],[-79.40092991590595,-1.96766214961923],[-79.41954071100018,-1.935193210508549],[-79.44296876327809,-1.938345270768562],[-79.4889647118776,-1.884264596708102],[-79.55559818912937,-1.885547244850374],[-79.6206890018975,-1.913415657210785],[-79.64819444416563,-1.899200000410795],[-79.64819444412066,-1.921926111553618],[-79.6609474620143,-1.920124188641059],[-79.68573620500804,-1.867972716017451],[-79.73134691701189,-1.846192883478373],[-79.71927499934074,-1.827811267350415],[-79.7484198994672,-1.787495209285021],[-79.74739351191418,-1.736085144706016],[-79.8264334019094,-1.707366379028449],[-79.83988370911128,-1.685709615711981],[-79.82670852948631,-1.674691092954879],[-79.8555155467166,-1.666342588157791],[-79.83765040797428,-1.654823717289819],[-79.86147352548197,-1.647779439167858],[-79.87131552721885,-1.601856882351692],[-79.85339183222554,-1.578511286139986],[-79.87810323803582,-1.523349351153883],[-79.8619774450106,-1.487120677556515],[-79.86751218932311,-1.428942639482777],[-79.763956760155,-1.268911018240365],[-79.74872924380873,-1.192047545281508],[-79.7182592177349,-1.180821061629185],[-79.71567239387893,-1.153153653180713],[-79.68846039003064,-1.152930861400014],[-79.6837717436007,-1.123059222590063],[-79.64217957892205,-1.109486822875897],[-79.61705749350205,-1.064211563798414],[-79.58787670908278,-1.069159123208427],[-79.56170305598881,-0.983534530912071],[-79.52429273434217,-0.971330996870363],[-79.56390847388326,-0.962938791409268],[-79.54359519397244,-0.954370816583817],[-79.50696952784666,-0.858210817976034],[-79.6112189725745,-0.850695851236898],[-79.59818312811446,-0.828115935685597],[-79.601355368249,-0.745202595309956],[-79.57614007614644,-0.699695869002619],[-79.56348220848277,-0.721699800593303],[-79.53578466283881,-0.717850171365466],[-79.54266707351462,-0.658088086468611],[-79.52506001397786,-0.657156795545935],[-79.50070124440533,-0.60851479311534],[-79.48510747374752,-0.609582438051655],[-79.49730724876106,-0.569096661156483],[-79.4884170679638,-0.546046793029186],[-79.46166056571288,-0.548488703540772],[-79.45740014005341,-0.564363305202067],[-79.41668357478592,-0.538571399310274]]]}},{"type":"Feature","properties":{"PROVINCIA":"MANABI"},"geometry":{"type":"Polygon","coordinates":[[[-79.7593060603769,0.381172321887629],[-79.72108058210637,0.37192515465652],[-79.70561105297917,0.343345845579621],[-79.72242993456368,0.319420241205218],[-79.7187272624577,0.29366526145257],[-79.66575994084171,0.263803897787471],[-79.71154395575685,0.182066596864818],[-79.68280189526097,0.164023849030748],[-79.66533238563619,0.178078082988608],[-79.65131243376086,0.143166281813191],[-79.62597076684982,0.157899120783617],[-79.61666841805712,0.132422994104149],[-79.56934499900622,0.115090343894164],[-79.62570101509782,0.036301379124214],[-79.60282779579163,-0.019621832595609],[-79.60898282406568,-0.053460500571874],[-79.54840840842235,-0.099434337970959],[-79.51936996139739,-0.163889750005667],[-79.4298242214619,-0.175544052631435],[-79.40972793655254,-0.191357940260331],[-79.41075955137637,-0.41069853540283],[-79.46397953626773,-0.468914410925404],[-79.44949535350186,-0.479617731540193],[-79.45952128179528,-0.511854248809362],[-79.49720764345183,-0.568206460536869],[-79.48510747374752,-0.609582438051655],[-79.50107194731832,-0.608945627167892],[-79.52525249471857,-0.657379399167655],[-79.54241057224363,-0.657298323929687],[-79.53578466283881,-0.717850171365466],[-79.56348220848277,-0.721699800593303],[-79.57614007614644,-0.699695869002619],[-79.601355368249,-0.745202595309956],[-79.60768132229566,-0.855536614599531],[-79.62646447309369,-0.858222698769818],[-79.62377188439137,-0.875744854482307],[-79.66239393184466,-0.903353892904556],[-79.67071582540568,-0.891326282445671],[-79.70409851144437,-0.904301761372537],[-79.70034142341144,-0.886180691673414],[-79.7311983191912,-0.884472746953259],[-79.77122694063029,-0.947571304058326],[-79.77377592756982,-0.97940411272785],[-79.79711609802531,-0.983110249945026],[-79.80375800671587,-1.030874092951809],[-79.83341797960804,-1.050156434540312],[-79.84534176742946,-1.083961165892485],[-79.91667962417488,-1.145242482492294],[-79.94278876457564,-1.155809654623589],[-79.96326289358753,-1.139333927131164],[-79.97021266598092,-1.168617497523597],[-79.95308555426652,-1.164568633444392],[-79.95036932552813,-1.178845675128862],[-79.96089071612208,-1.189686520959436],[-79.98630282365376,-1.176356540079326],[-80.01080112564047,-1.204952661744159],[-80.03917355434771,-1.258040122970144],[-80.02535219637853,-1.276947875504702],[-80.04112866716912,-1.275395800034831],[-80.09551367819324,-1.326465397898041],[-80.13754011869509,-1.324121568839443],[-80.15375890911979,-1.366758717960496],[-80.14486392782915,-1.407211311163603],[-80.19697439859958,-1.425017407732077],[-80.20565624814435,-1.498277348645474],[-80.17162113082522,-1.526528742563517],[-80.22021309940983,-1.574318619961972],[-80.28425191531913,-1.56932183527525],[-80.25259303461328,-1.616151414483116],[-80.22363064802485,-1.616151389540818],[-80.21028009034617,-1.694290781826298],[-80.28802745659628,-1.678632958367073],[-80.3001192066344,-1.686532719298262],[-80.28024021173485,-1.703257285422715],[-80.29031943008445,-1.710118772585693],[-80.32541046851964,-1.683845419652945],[-80.33329694432449,-1.723958333395441],[-80.35080436013489,-1.722840891372783],[-80.39232890515892,-1.776193677970314],[-80.41919924000719,-1.786401449088002],[-80.42625523913664,-1.80880950955553],[-80.40845474328772,-1.835933030210682],[-80.42820391823365,-1.836465141719039],[-80.43409866838942,-1.88360158981472],[-80.44328854420567,-1.881234580733843],[-80.44701404168754,-1.882103230475431],[-80.44092008387257,-1.886668370668618],[-80.41711249647113,-1.881608025967188],[-80.43257350907469,-1.899877731052088],[-80.42831690354826,-1.925010631975118],[-80.4652530418006,-1.947390208655984],[-80.4735636526478,-1.925853365191271],[-80.51912666958846,-1.91997521092901],[-80.51650105669057,-1.902477011782632],[-80.5711916665124,-1.824402777894073],[-80.54896006796064,-1.780789981848566],[-80.59414075008311,-1.778598703723609],[-80.64662267761523,-1.67044615528369],[-80.72370091111868,-1.686645039010108],[-80.74813886349914,-1.668654706109131],[-80.80545834489772,-1.708950905574353],[-80.8543675122637,-1.599771197395542],[-80.84196012228573,-1.566769580002636],[-80.81357010557967,-1.558539140821245],[-80.8158197996237,-1.509767531895794],[-80.79210692869688,-1.47864195429173],[-80.76727493303446,-1.475246254447192],[-80.76715784316603,-1.437608058492939],[-80.75157804610994,-1.420066882567164],[-80.762168950446,-1.389013961813297],[-80.73920136559673,-1.357333895145629],[-80.85012284783751,-1.205404416670975],[-80.91254699720933,-1.058679458726267],[-80.82937968520648,-0.955720899346557],[-80.78781775187176,-0.958321482275604],[-80.72459261349296,-0.9369129450242],[-80.72224651245693,-0.930280779305551],[-80.72189403189078,-0.930004178992425],[-80.71956630550847,-0.929659115093134],[-80.72030752917702,-0.950126846584154],[-80.69724970300243,-0.94857724850779],[-80.66720920610466,-0.924824443075534],[-80.6187701824616,-0.944624110667706],[-80.54608838091414,-0.881840369494664],[-80.47029992843001,-0.639948139169194],[-80.42189717199503,-0.59465090658981],[-80.45898718768011,-0.457962998116885],[-80.4931681204212,-0.39895450512662],[-80.488316700631,-0.365870854051655],[-80.46981188793974,-0.366533567590022],[-80.40724423638265,-0.311639376579598],[-80.3797109258283,-0.233683595316274],[-80.34597913912093,-0.210351019188931],[-80.32614873001873,-0.171998895934524],[-80.30632603665867,-0.18894665205039],[-80.26548014286496,-0.167212762112547],[-80.14160542222065,-0.048787409012661],[-80.09587670139851,0.012196114663848],[-80.08869446261151,0.04883964842916],[-80.06659581297966,0.052818905628674],[-80.03160629068677,0.177124597960434],[-80.0398259470172,0.367131065055217],[-80.03002212991768,0.373884705807776],[-79.99752039439034,0.34849389837598],[-79.9767575394161,0.267889275118186],[-79.93174452694174,0.2540353094958],[-79.90367603391482,0.276525486678225],[-79.90476073303138,0.314807632576837],[-79.8106049630323,0.322194112426381],[-79.80545680707276,0.362836383971337],[-79.7593060603769,0.381172321887629]]]}},{"type":"Feature","properties":{"PROVINCIA":"MORONA SANTIAGO"},"geometry":{"type":"Polygon","coordinates":[[[-78.18003611147779,-1.448507777763878],[-78.12364982451889,-1.453772991999175],[-78.06480565209998,-1.52778858426254],[-78.02166843890483,-1.675629304204226],[-77.92275061043705,-1.654556780909153],[-77.88905841573174,-1.691270032809109],[-77.88520914137237,-1.762079396494804],[-77.86895758678875,-1.756172167720681],[-77.84632927557928,-1.837316237348664],[-77.8558757381396,-1.846841111317061],[-77.82736164651476,-1.868239204103561],[-77.8235934328052,-1.922139984894158],[-77.79503248046392,-1.933271383734494],[-77.77853336094239,-1.971239777890989],[-77.73186920483339,-1.985231571571981],[-77.71536573918853,-2.025763015161044],[-77.67184067692467,-2.05052156935947],[-77.61663503376376,-2.042447830747632],[-77.56856748890539,-2.079835408519104],[-77.5136295717619,-2.082222924285968],[-77.40583753273705,-2.150102844155678],[-77.3523748327348,-2.159888966870041],[-77.28009044386472,-2.201925595207892],[-77.23558538021614,-2.261311940991802],[-77.19092393561226,-2.270175102598856],[-77.16771491133022,-2.301568088738576],[-77.13533696234458,-2.303336983361013],[-77.08716168131501,-2.343816017196861],[-77.08149446970302,-2.376421113819737],[-77.04884432731528,-2.406524001203223],[-77.03144261695475,-2.450961049827856],[-77.00068091876877,-2.460504002566018],[-76.99695623841549,-2.514649662680307],[-76.96597511151145,-2.514123818425611],[-76.94476722809301,-2.554565265311415],[-76.9297007896838,-2.544130924033759],[-76.91742281475115,-2.564219618770014],[-76.8992246268283,-2.553416931753618],[-76.88322906595441,-2.566723689985526],[-76.82047388827675,-2.543516661679267],[-76.80026824669412,-2.570695433747907],[-76.77961773970863,-2.552424334963325],[-76.75697390605299,-2.563180970270702],[-76.7381653006268,-2.553689068712994],[-76.69211163009805,-2.609971398374826],[-77.84449743418165,-2.998997085833193],[-77.83993919666581,-3.00805166740468],[-77.94707569298679,-3.072163953231931],[-78.01183425584095,-3.178133046769567],[-78.06187209748362,-3.227224225704526],[-78.09116979036875,-3.21631691520491],[-78.11333399666088,-3.286465335899386],[-78.19279206035972,-3.361693985929997],[-78.18723744704596,-3.397402235594708],[-78.15505315145802,-3.420960117741177],[-78.14498887274257,-3.461659225865812],[-78.1489162639189,-3.480659632480691],[-78.18435948630642,-3.499516752492644],[-78.23112680236831,-3.499448914241456],[-78.24689645466873,-3.402196244526631],[-78.34672540504788,-3.380916347079691],[-78.35574527628883,-3.403628842728113],[-78.34253032631376,-3.430475672623624],[-78.36514161043573,-3.529273745810584],[-78.53480874008888,-3.528186216906736],[-78.58725838170619,-3.551273390314502],[-78.63119865079005,-3.534329135127877],[-78.66725307629393,-3.549636890832802],[-78.68424467434329,-3.587749862944279],[-78.72078486682483,-3.561966123790912],[-78.7546761117675,-3.568737665287802],[-78.83180038331132,-3.549368690892835],[-78.84370990078534,-3.516697123128512],[-78.87052179415961,-3.502267314460072],[-78.88132148115487,-3.401495180402978],[-78.94286634763004,-3.346432673735266],[-78.95389385204399,-3.299779682247624],[-78.93432568378573,-3.296142659304189],[-78.93440499933199,-3.273106866941891],[-78.91214994187129,-3.273149833227781],[-78.85690706716889,-3.229701268558584],[-78.83503523248324,-3.24570217748618],[-78.74286791083746,-3.140698744758783],[-78.70529854246733,-3.13677989649263],[-78.67083178464091,-3.063033218484254],[-78.65881969547098,-2.989888335774936],[-78.63141943203411,-2.970565797504325],[-78.63161767583406,-2.913550142014435],[-78.57555287759492,-2.851045300285683],[-78.57562707213467,-2.830582264698748],[-78.61463964722137,-2.786734465810035],[-78.59210062827685,-2.761582874935093],[-78.57950174403425,-2.709260423667229],[-78.42213721563823,-2.630606019814341],[-78.43657723137903,-2.599114617075881],[-78.48109553021919,-2.572355461220583],[-78.51490529248574,-2.582900600336711],[-78.53212997618131,-2.626530163187934],[-78.54581910945684,-2.605488006686743],[-78.53938693078594,-2.570827263300826],[-78.50459196892535,-2.529932794135533],[-78.48513567786527,-2.437503048996881],[-78.46256563468891,-2.415727630431381],[-78.48160065571896,-2.414139491838629],[-78.48532009656833,-2.372538123053424],[-78.50053968695505,-2.381421406835891],[-78.54382893393365,-2.335616193423727],[-78.58719897832731,-2.318589104758947],[-78.54580230253154,-2.300302877628635],[-78.53634599618255,-2.242052291123716],[-78.50507758216445,-2.246494892600607],[-78.48855005970022,-2.221014765750242],[-78.5134542655906,-2.133076506992042],[-78.45015981512138,-2.117971015754528],[-78.43328754629441,-2.090041636211863],[-78.45250750121747,-2.064147325566065],[-78.44189224390834,-2.011637470406814],[-78.45870060536892,-1.989931037461964],[-78.4789393072725,-2.00332133129233],[-78.48931379605861,-1.958972152096037],[-78.46359017759042,-1.949855937594147],[-78.45732657447397,-1.921489678322017],[-78.4036461608025,-1.878679974152901],[-78.3971084133796,-1.852238789348486],[-78.4458690735241,-1.762122136041702],[-78.46759036738868,-1.75190866020221],[-78.43221780130402,-1.685411896369599],[-78.36381210443469,-1.644873007203398],[-78.37648123352297,-1.535912425254476],[-78.34848341185818,-1.523577987042588],[-78.34519164037627,-1.503554178891856],[-78.28474863831543,-1.479163998132804],[-78.26514483806814,-1.503333189164068],[-78.19684176599841,-1.474868238381788],[-78.18003611147779,-1.448507777763878]]]}},{"type":"Feature","properties":{"PROVINCIA":"NAPO"},"geometry":{"type":"Polygon","coordinates":[[[-77.82136672641425,0.034007652393077],[-77.77945140434686,0.010870012338122],[-77.79445848123038,-0.016282884523124],[-77.78230539981612,-0.083113372793057],[-77.63810602224653,-0.076093870555487],[-77.58397344928794,-0.109107470209215],[-77.53610200257118,-0.05557527758854],[-77.51057376792619,-0.064213491541446],[-77.50787903200523,-0.039832904484782],[-77.48703214614638,-0.040195177107844],[-77.46931194268362,-0.017964103688807],[-77.43830667301843,-0.062794172649448],[-77.45782926754549,-0.083788977442127],[-77.44457377967757,-0.097941001245119],[-77.45205312521838,-0.138720600278599],[-77.4291914704503,-0.130809231194797],[-77.37790106452707,-0.15223596566352],[-77.34129888207197,-0.123397216132332],[-77.304974656507,-0.059376166313088],[-77.28611302011059,-0.10345657466935],[-77.27844397786073,-0.136665686382294],[-77.29695566059075,-0.145437974822628],[-77.29847407266811,-0.203897169850853],[-77.26053638731759,-0.238524814909765],[-77.27470915128109,-0.261637534378669],[-77.2535734958666,-0.269631199390719],[-77.2563155946866,-0.308113551254355],[-77.27629176812866,-0.340865283512622],[-77.29770342497575,-0.336299645463186],[-77.3341405555019,-0.370263888709232],[-77.32698748090856,-0.424176003750394],[-77.36495147107941,-0.428755661827013],[-77.39066019696577,-0.494780911745999],[-77.4286520765648,-0.52205305195783],[-77.5619446750033,-0.45547527058657],[-77.55941351436219,-0.494863939993117],[-77.62869068347841,-0.543476795433571],[-77.59048493245612,-0.573869970028742],[-77.58038934427233,-0.609679822290397],[-77.53251523299669,-0.624897153226479],[-77.52517910551728,-0.66949416487779],[-77.49695084456266,-0.701813513632583],[-77.54241010553521,-0.791092285138952],[-77.52473762605393,-0.820712698754106],[-77.53486357761957,-0.873513975881566],[-77.55204117494166,-0.902361493817923],[-77.58758771946333,-0.912038309693882],[-77.5902570529216,-0.929866322786721],[-77.51553226539488,-0.950801291849061],[-77.45264344190429,-0.916126803728267],[-77.45081468249148,-0.898865778471732],[-77.3843732514474,-0.891688598649316],[-77.3242194429147,-0.846671575039932],[-77.27759328019332,-0.837787403606543],[-77.25252884847019,-0.792159834398519],[-77.19921467446481,-0.767157345668004],[-77.16354602961941,-0.707359567225315],[-77.12277682448148,-0.694805589060826],[-77.121634933519,-0.727957154807406],[-77.20682376501135,-0.79995764148964],[-77.19681199108398,-0.853567708029926],[-77.1503423192132,-0.868430282700113],[-77.13590603247374,-0.901925362446888],[-77.02392215966205,-0.919839886729323],[-77.07171478913267,-0.951391103333665],[-77.06866953197124,-0.975436793786691],[-77.03216357955561,-0.989970500966068],[-77.08064565271238,-1.01463871979737],[-77.2293968984626,-1.025874899792472],[-77.24402116258241,-1.057297205103826],[-77.34944259077314,-1.068950176949588],[-77.35266908728848,-1.104778715040007],[-77.40438783475796,-1.078806399232395],[-77.45114131369677,-1.077687449459557],[-77.4456146111892,-1.094404809028328],[-77.52216893050642,-1.120876428418847],[-77.56063812676913,-1.159027052049532],[-77.59590625777419,-1.124164036769816],[-77.6157610168113,-1.149006075219049],[-77.6445698909447,-1.1330615832489],[-77.66991179344082,-1.150341858039004],[-77.68786826988763,-1.139846467537963],[-77.72132465576497,-1.179968079469134],[-77.74053302433101,-1.161436162190983],[-77.83208055521723,-1.218178333628448],[-77.87904333353528,-1.199970833760931],[-77.88242359409846,-1.244744359079688],[-77.938761651633,-1.227868896329201],[-77.94655656771494,-1.205441150284053],[-78.05143516777092,-1.248816249669192],[-78.09531446679608,-1.226118251201509],[-78.11070411988679,-1.233493600057626],[-78.12375707635825,-1.22306938976015],[-78.11686784330671,-1.188606051944033],[-78.18807317827874,-1.18275324854281],[-78.19001432605532,-1.158719328859008],[-78.22916384070079,-1.138940506167139],[-78.26420540797382,-1.157028336609226],[-78.26648605465239,-1.13920105032204],[-78.3113305201452,-1.142846387936315],[-78.32209187872591,-1.164863037526895],[-78.35094220028851,-1.17377814086499],[-78.35940295358674,-1.160993061996713],[-78.33797928824147,-1.13516378959347],[-78.32616266860313,-1.043827731801781],[-78.36115337652896,-0.99869557507925],[-78.39488171931421,-0.997848799079737],[-78.39559405806463,-0.962988349761716],[-78.42975190302758,-0.944893493762267],[-78.40743335598864,-0.913821628021634],[-78.42762717418233,-0.878421428820768],[-78.403054229083,-0.870977034989624],[-78.38897108246466,-0.811292620481728],[-78.39291882528255,-0.747424840626036],[-78.41122265600836,-0.719429277194304],[-78.39507471892874,-0.676671312141413],[-78.33019533350821,-0.658816140868993],[-78.31993471427572,-0.583073864291951],[-78.2881174723971,-0.579046113104739],[-78.27008741625615,-0.542122568998432],[-78.27011047629881,-0.509774879705646],[-78.23533433330667,-0.45086900870746],[-78.25599689479229,-0.408480510036391],[-78.19106248644373,-0.318729421944069],[-78.18996965193156,-0.197787444227925],[-78.14056167910935,-0.166788411967507],[-78.08449929672504,-0.189845664436192],[-78.0550987316601,-0.163771594913499],[-78.05774840297046,-0.146217298316999],[-78.01889430921334,-0.141043386488622],[-77.99546424424966,-0.111160034363631],[-77.96956547483194,-0.122784313671681],[-77.95489475418036,-0.095047830807131],[-77.93281589495813,-0.100439312368283],[-77.93453469255657,-0.041208360562039],[-77.85272420798717,-0.004103291268736],[-77.82136672641425,0.034007652393077]]]}},{"type":"Feature","properties":{"PROVINCIA":"PASTAZA"},"geometry":{"type":"Polygon","coordinates":[[[-77.0645184860335,-1.00500697316547],[-77.0925910141855,-1.036950265641139],[-77.06698637661326,-1.086221453557787],[-76.89677855506379,-1.1271284525504],[-76.85845150322692,-1.162827143796934],[-76.83210711461052,-1.159231877500345],[-76.8298819723449,-1.111889644107877],[-76.77380028160123,-1.090661562502414],[-76.72749005676145,-1.105933052941353],[-76.72053943415683,-1.082253959024084],[-76.65285831461564,-1.056810945306345],[-76.60325219708551,-1.073009932876899],[-76.56345971456982,-1.059544618527594],[-76.54636587258418,-1.068532996736445],[-76.53077628326285,-1.051968193674202],[-76.51353573215658,-1.095347906385301],[-76.53054503503911,-1.192651196191264],[-76.49293524056715,-1.2155946354227],[-76.47086645632524,-1.263836713362802],[-76.45810955840832,-1.24775630780165],[-76.45099718210393,-1.271641480170717],[-76.43699359982209,-1.257090985089829],[-76.41935881695578,-1.272098062705615],[-76.39600403160809,-1.254131372413867],[-76.35686706417721,-1.280425404395347],[-76.36544755097717,-1.294583422762235],[-76.29304857008403,-1.303641989418567],[-76.28854415985985,-1.320538038717487],[-76.2716526235851,-1.29582222129084],[-76.25330431479003,-1.306969659186814],[-76.24742226598379,-1.286968087814625],[-76.23779725078275,-1.300928716244697],[-76.18718348361477,-1.286389025368216],[-76.16049830910178,-1.301629491563009],[-76.13461402430941,-1.274999850437441],[-76.09018020632183,-1.281428387874885],[-76.08240271113313,-1.296545522219872],[-76.06391339264302,-1.278104875908318],[-76.06325353220869,-1.306850337556025],[-76.04929026537796,-1.297164254632778],[-76.03586346443755,-1.314915884763702],[-76.00243167760406,-1.309175605341358],[-75.99734809557427,-1.33437454711542],[-75.97240926648904,-1.32927050030734],[-75.94912337658153,-1.357849812805942],[-75.92012251059019,-1.345857441771249],[-75.91506170064702,-1.361427825360946],[-75.89376139331884,-1.34891300612418],[-75.90039595449244,-1.333888505482914],[-75.87655763816484,-1.331752420311944],[-75.87970981537458,-1.356494625892463],[-75.8449968213567,-1.35565141479042],[-75.83579965895665,-1.39169542369436],[-75.82255369581742,-1.383060105073222],[-75.79360322944004,-1.404551966191132],[-75.77715047584702,-1.395277831796773],[-75.76005930121441,-1.414964596610109],[-75.74939361526923,-1.405191097133034],[-75.71985387343318,-1.462313728074948],[-75.69994353316716,-1.447546081405265],[-75.69965470627997,-1.464688483697457],[-75.6752658682586,-1.467948986196273],[-75.66357826618032,-1.487994432610452],[-75.6495110870944,-1.475841112825787],[-75.65045723612012,-1.493485600749561],[-75.63661332996054,-1.482220625742254],[-75.63391707280482,-1.500344302921013],[-75.6095510267113,-1.492687678853495],[-75.58787004378117,-1.510285024577563],[-75.58538874681771,-1.549704340655971],[-76.04325305347932,-2.124619583574229],[-76.63357143054009,-2.590188788920067],[-76.69211163009805,-2.609971398374826],[-76.7381653006268,-2.553689068712994],[-76.75697390605299,-2.563180970270702],[-76.77961773970863,-2.552424334963325],[-76.80026824669412,-2.570695433747907],[-76.82047388827675,-2.543516661679267],[-76.88322906595441,-2.566723689985526],[-76.8992246268283,-2.553416931753618],[-76.91742281475115,-2.564219618770014],[-76.9297007896838,-2.544130924033759],[-76.94476722809301,-2.554565265311415],[-76.96597511151145,-2.514123818425611],[-76.99695623841549,-2.514649662680307],[-77.00068091876877,-2.460504002566018],[-77.03144261695475,-2.450961049827856],[-77.04884432731528,-2.406524001203223],[-77.08149446970302,-2.376421113819737],[-77.08716168131501,-2.343816017196861],[-77.13533696234458,-2.303336983361013],[-77.16771491133022,-2.301568088738576],[-77.19092393561226,-2.270175102598856],[-77.23558538021614,-2.261311940991802],[-77.28009044386472,-2.201925595207892],[-77.3523748327348,-2.159888966870041],[-77.40583753273705,-2.150102844155678],[-77.5136295717619,-2.082222924285968],[-77.56856748890539,-2.079835408519104],[-77.61663503376376,-2.042447830747632],[-77.67184067692467,-2.05052156935947],[-77.71536573918853,-2.025763015161044],[-77.73186920483339,-1.985231571571981],[-77.77853336094239,-1.971239777890989],[-77.79503248046392,-1.933271383734494],[-77.8235934328052,-1.922139984894158],[-77.82736164651476,-1.868239204103561],[-77.8558757381396,-1.846841111317061],[-77.84632927557928,-1.837316237348664],[-77.86895758678875,-1.756172167720681],[-77.88520914137237,-1.762079396494804],[-77.88905841573174,-1.691270032809109],[-77.92275061043705,-1.654556780909153],[-78.02119747795032,-1.676030187553672],[-78.07944433095703,-1.505167010706161],[-78.1269305479789,-1.451768983584595],[-78.17794933712962,-1.448684848848418],[-78.15116851403874,-1.429419702352063],[-78.14829538704016,-1.397255366796109],[-78.11855917189438,-1.359560814081845],[-78.11007373402404,-1.278710493360598],[-78.12375707635825,-1.22306938976015],[-78.05143516777092,-1.248816249669192],[-77.94625730693546,-1.205464716233148],[-77.938761651633,-1.227868896329201],[-77.88212444123069,-1.244686638170456],[-77.87904333353528,-1.199970833760931],[-77.83208055521723,-1.218178333628448],[-77.74053302433101,-1.161436162190983],[-77.72132465576497,-1.179968079469134],[-77.68786826988763,-1.139846467537963],[-77.66991179344082,-1.150341858039004],[-77.6445698909447,-1.1330615832489],[-77.6157610168113,-1.149006075219049],[-77.59590625777419,-1.124164036769816],[-77.56063812676913,-1.159027052049532],[-77.52216893050642,-1.120876428418847],[-77.4456146111892,-1.094404809028328],[-77.45114131369677,-1.077687449459557],[-77.40438783475796,-1.078806399232395],[-77.35266908728848,-1.104778715040007],[-77.34944259077314,-1.068950176949588],[-77.24402116258241,-1.057297205103826],[-77.22488636766118,-1.024306850578536],[-77.0645184860335,-1.00500697316547]]]}},{"type":"Feature","properties":{"PROVINCIA":"PICHINCHA"},"geometry":{"type":"Polygon","coordinates":[[[-79.27390221816322,0.322333844675833],[-79.13342330853844,0.320865540077298],[-79.11154354761719,0.298328661372893],[-79.05931205666859,0.307202913158548],[-79.01763773430423,0.2769857690569],[-79.00999975901497,0.225967221728377],[-78.98109942663986,0.210713636525564],[-78.96629952577672,0.223396629509324],[-78.94624797003607,0.203747458430115],[-78.92406547454377,0.221712543879682],[-78.9098923166739,0.213255685806618],[-78.8559503855395,0.237627325746563],[-78.81114964577418,0.230532582909045],[-78.77703434787409,0.243348142679583],[-78.70911213290711,0.215466292144075],[-78.68259877470321,0.22349822997237],[-78.63817187459853,0.206452570261271],[-78.57583047116745,0.225334815202334],[-78.53728856540359,0.205482967904477],[-78.51015916703767,0.226571388694218],[-78.4968966120686,0.277313822962739],[-78.46634980539848,0.259675873126208],[-78.43358106069624,0.195020229589211],[-78.37436832783791,0.261020353311533],[-78.34345598537821,0.229623358188557],[-78.36386475229038,0.208506771918623],[-78.3737342110069,0.159152874088662],[-78.33933231216321,0.203855191761454],[-78.30680689609491,0.182873685310946],[-78.28290991243026,0.128679514013822],[-78.26682111147534,0.137773333677059],[-78.23002606802095,0.121118210737544],[-78.1539816285195,0.141203839027025],[-78.14836298082881,0.158801261552904],[-78.10798921637755,0.158342438587272],[-78.08812980799553,0.189349054366773],[-78.02398210451359,0.188359223924699],[-77.96667536463458,0.168458743795998],[-77.97674423666517,0.105588227781978],[-77.96225679584207,0.11284583868371],[-77.9182443846454,0.081763301091693],[-77.89006825667806,0.083110273143539],[-77.85937526097875,0.062247082790627],[-77.85499752408934,0.025087567555969],[-77.84007066227555,0.016904211064687],[-77.85272420798717,-0.004103291268736],[-77.94278630241276,-0.051286216167824],[-77.93281589495813,-0.100439312368283],[-77.95489475418036,-0.095047830807131],[-77.96956547483194,-0.122784313671681],[-77.99546424424966,-0.111160034363631],[-78.01889430921334,-0.141043386488622],[-78.05774840297046,-0.146217298316999],[-78.0550987316601,-0.163771594913499],[-78.08449929672504,-0.189845664436192],[-78.14056167910935,-0.166788411967507],[-78.18987500817059,-0.197631820156353],[-78.1929016177811,-0.324885373361196],[-78.25599689479229,-0.408480510036391],[-78.2366054000351,-0.456045386940485],[-78.27011047629881,-0.509774879705646],[-78.28753342119302,-0.578529359457874],[-78.32053154796098,-0.58423767108752],[-78.33019533350821,-0.658816140868993],[-78.3629522074072,-0.676464387443204],[-78.39647164734345,-0.676505979810385],[-78.37150705799722,-0.672866638139089],[-78.36352190700228,-0.661790515712278],[-78.42989611145815,-0.600899746532994],[-78.45082096877853,-0.620760611179724],[-78.47355613609885,-0.613205922110512],[-78.48784329361351,-0.636803856167847],[-78.5378237963001,-0.619698408155248],[-78.55136465297699,-0.633831274156682],[-78.55966453339735,-0.612753683150371],[-78.5794081474462,-0.617866163656612],[-78.61154926389877,-0.597488036414788],[-78.64811997116958,-0.642808666475078],[-78.71585820776846,-0.663064162942975],[-78.73913140979063,-0.621964896768148],[-78.73342118978188,-0.559655838599524],[-78.83230402602487,-0.524698584134935],[-78.86155762696553,-0.43375969724776],[-78.89308916274753,-0.412794900493117],[-78.91833262757142,-0.340316962365305],[-78.95485060722093,-0.31663632875442],[-78.86748419320394,-0.331690239700093],[-78.85654716813113,-0.34938704133891],[-78.8222861350862,-0.346272903243903],[-78.77381338606624,-0.298300688897591],[-78.77317048745543,-0.279167022059655],[-78.746125216244,-0.277416663151089],[-78.78392598401328,-0.211874107159023],[-78.832363526784,-0.188504440878944],[-78.8354103011378,-0.137321139275598],[-78.89187374292071,-0.106734651393596],[-78.92877605553339,-0.121146019335327],[-78.96496779926095,-0.101200978240944],[-79.02441146851994,-0.117772175270359],[-79.10200721881735,-0.083005723062598],[-79.14945307917188,-0.0919002497726],[-79.09761074292506,-0.026567705035672],[-79.18359306402911,-0.014465179875114],[-79.23779941175586,0.012159773957485],[-79.3679803502073,0.022421211421794],[-79.32490926311219,0.156202617066946],[-79.3041018360352,0.17323130063124],[-79.33022980714992,0.21053727227348],[-79.34857479469004,0.212461571234527],[-79.359844999559,0.247522499622275],[-79.2980339943116,0.259454570411644],[-79.27390221816322,0.322333844675833]]]}},{"type":"Feature","properties":{"PROVINCIA":"TUNGURAHUA"},"geometry":{"type":"Polygon","coordinates":[[[-78.40377156455114,-0.99453098192118],[-78.36115337652896,-0.99869557507925],[-78.32616266860313,-1.043827731801781],[-78.33797928824147,-1.13516378959347],[-78.35940295358674,-1.160993061996713],[-78.3510353266895,-1.173716869252408],[-78.32209187872591,-1.164863037526895],[-78.3113305201452,-1.142846387936315],[-78.26648605465239,-1.13920105032204],[-78.26420540797382,-1.157028336609226],[-78.22916384070079,-1.138940506167139],[-78.19001432605532,-1.158719328859008],[-78.18807317827874,-1.18275324854281],[-78.11664160645506,-1.188837856707698],[-78.11932396423525,-1.362452371399371],[-78.14829538704016,-1.397255366796109],[-78.15116851403874,-1.429419702352063],[-78.19240980906426,-1.455405263258575],[-78.19681524423407,-1.474849529279009],[-78.26535106058947,-1.50334867008869],[-78.29761225957422,-1.480038633967206],[-78.34519164037627,-1.503554178891856],[-78.3485162130331,-1.523592672977691],[-78.36446666632898,-1.496963888863745],[-78.42332242807358,-1.485347647376854],[-78.49890534343506,-1.43394773358392],[-78.5131825000705,-1.474183333060027],[-78.54204766781035,-1.460115635489954],[-78.53996090818653,-1.479847208909466],[-78.56310195645807,-1.475648908582485],[-78.62727269248462,-1.508403517785105],[-78.63641554288226,-1.493164693226317],[-78.68836485487661,-1.496671599314783],[-78.77257108811057,-1.430128986629136],[-78.85256091043334,-1.470896403409337],[-78.88659759074908,-1.458778701658958],[-78.93173696077987,-1.401965132605035],[-78.93886431718553,-1.357864213206263],[-78.89303894652001,-1.284657931208141],[-78.89404640998998,-1.224381440821604],[-78.85928558179184,-1.173583245301113],[-78.84592005169839,-1.183051967909682],[-78.7968185479758,-1.144477087208887],[-78.74516237485172,-1.132277824370817],[-78.72500643928811,-1.149905722663249],[-78.66523613669659,-1.154622045065324],[-78.61347285583393,-1.110125229710633],[-78.56770808817802,-1.115657214506026],[-78.56247022892163,-1.084108647778684],[-78.57652683195059,-1.073919590630661],[-78.55924870662416,-1.058860200434351],[-78.52339665809917,-1.059294161520211],[-78.50211549221224,-1.094184723682077],[-78.46588013287463,-1.088051439883063],[-78.40377156455114,-0.99453098192118]]]}},{"type":"Feature","properties":{"PROVINCIA":"ZAMORA CHINCHIPE"},"geometry":{"type":"Polygon","coordinates":[[[-78.94573050250608,-3.342864148077653],[-78.8813714794928,-3.401398281876636],[-78.87052179415961,-3.502267314460072],[-78.84370990078534,-3.516697123128512],[-78.83180038331132,-3.549368690892835],[-78.7546761117675,-3.568737665287802],[-78.72078486682483,-3.561966123790912],[-78.68424467434329,-3.587749862944279],[-78.66725307629393,-3.549636890832802],[-78.63119865079005,-3.534329135127877],[-78.58725838170619,-3.551273390314502],[-78.53480874008888,-3.528186216906736],[-78.36514161043573,-3.529273745810584],[-78.3921435525283,-3.560125919079686],[-78.39293799780843,-3.678089460117658],[-78.42354923528598,-3.692836370716934],[-78.40610876185151,-3.744129552673407],[-78.41171243635331,-3.788740148046987],[-78.43475607010518,-3.819882346251676],[-78.46472816446281,-3.827394560761669],[-78.49021702422719,-3.936171147041634],[-78.523989001328,-3.937322334796761],[-78.5666351968393,-3.993287160155724],[-78.56833434638196,-4.046582127079864],[-78.54141138887661,-4.074960909606627],[-78.58264902797396,-4.135981311977027],[-78.5777391257876,-4.19659753270635],[-78.6066245295412,-4.219811158414672],[-78.61390067548412,-4.289972373616172],[-78.646436845789,-4.321574398596515],[-78.64084677844878,-4.401489821460601],[-78.59884607907291,-4.42311353912069],[-78.62420168372846,-4.442759224424924],[-78.63462781257232,-4.501190672941488],[-78.66152068958428,-4.530073679014708],[-78.65305729379973,-4.585174307246884],[-78.71433625503656,-4.628286363850254],[-78.80394711777862,-4.63685112387294],[-78.85530914155868,-4.666677600697309],[-78.89103516048183,-4.720520545651043],[-78.8892790682904,-4.76343191688506],[-78.91486963105646,-4.780508772141554],[-78.89155891731612,-4.808287075351401],[-78.91244734819972,-4.849371205810482],[-78.89200702057487,-4.88678645528405],[-78.97435275800996,-4.896408805564877],[-79.01528720806955,-5.016157323931737],[-79.07077716011287,-4.990210530587612],[-79.07588803760899,-4.969781902963653],[-79.26555718702069,-4.966881205916898],[-79.30626570678535,-4.898504647774243],[-79.35197671863101,-4.880415956659055],[-79.36916330338336,-4.833888971306943],[-79.39795244416615,-4.829384519813401],[-79.4276614371558,-4.747295315201082],[-79.39831992903052,-4.718365298350021],[-79.38071806300404,-4.656979674446235],[-79.35925749111881,-4.649496078433373],[-79.33327792994811,-4.606092934654841],[-79.32749392609378,-4.509317265918344],[-79.27985134026922,-4.473132229878357],[-79.20883620945507,-4.510541666212573],[-79.19824135396158,-4.482196908113552],[-79.16637126839005,-4.475539978244237],[-79.1113622006517,-4.406732244922615],[-79.12101179485327,-4.308236116982295],[-79.10615921880739,-4.289237566072529],[-79.1147297992874,-4.267402289936643],[-79.10056690172658,-4.209260318027744],[-79.10793676521375,-4.185014960992461],[-79.15997375961777,-4.153311841552281],[-79.1627388381588,-4.114850129999223],[-79.13638781964916,-4.035818266762814],[-79.1514628344475,-3.963740072611715],[-79.12957312570956,-3.878156533326493],[-79.14542240046795,-3.856279376493704],[-79.14301754639337,-3.822099373645488],[-79.17663901713975,-3.794244364429761],[-79.1961400780077,-3.726026840555705],[-79.1614724265876,-3.714966798239201],[-79.15767346634149,-3.663081857759561],[-79.10640048035408,-3.647904900003168],[-79.10951577824706,-3.632051396801576],[-79.0578866932403,-3.610069967577016],[-79.06896418773228,-3.590714694707722],[-79.04486785736809,-3.576726509297145],[-79.05672115608776,-3.572186410524718],[-79.04608193594498,-3.549442615522768],[-79.06730772779147,-3.502803948254729],[-79.04286287410166,-3.472375103642306],[-79.06884637448137,-3.438077752554057],[-79.05101215777613,-3.399657937890604],[-78.98975702891579,-3.353460016591624],[-78.94573050250608,-3.342864148077653]]]}},{"type":"Feature","properties":{"PROVINCIA":"GALAPAGOS"},"geometry":{"type":"MultiPolygon","coordinates":[[[[-89.64606663178476,-1.409314028131969],[-89.64641749958668,-1.409496365962504],[-89.64651228973594,-1.409146323715845],[-89.64606663178476,-1.409314028131969]]],[[[-89.655027908864,-1.407488127173605],[-89.65455753061495,-1.407708819683736],[-89.65499639991292,-1.407973296202907],[-89.655027908864,-1.407488127173605]]],[[[-89.73661146394285,-1.377522465978531],[-89.73520247082095,-1.378304520858681],[-89.73520091598847,-1.379222942611044],[-89.73661146394285,-1.377522465978531]]],[[[-89.64456147631046,-1.357565800983743],[-89.64357475311873,-1.357857446154185],[-89.64425245539266,-1.358031849149071],[-89.64456147631046,-1.357565800983743]]],[[[-89.64882076399542,-1.351523124347152],[-89.64685436357631,-1.351972100288574],[-89.64953213911514,-1.352942230599442],[-89.64882076399542,-1.351523124347152]]],[[[-90.3074965027918,-1.346613454735027],[-90.30945335370627,-1.346854573523322],[-90.30737951432823,-1.346276596849556],[-90.3074965027918,-1.346613454735027]]],[[[-89.66150574981093,-1.346704671313286],[-89.6622667038747,-1.346819422879556],[-89.66222484134693,-1.346553406838826],[-89.66150574981093,-1.346704671313286]]],[[[-89.66644141184027,-1.345319135463218],[-89.62404647716413,-1.378731426742698],[-89.62973220025381,-1.410391420906885],[-89.67960085981645,-1.401627868810864],[-89.68544329683995,-1.404387709132434],[-89.68968134002287,-1.395091528716522],[-89.70411469288065,-1.395783650307804],[-89.73904356618876,-1.373472219116663],[-89.74455121051673,-1.375233730080033],[-89.70012078509362,-1.34450843734224],[-89.66644141184027,-1.345319135463218]]],[[[-89.64814541969903,-1.34205477611154],[-89.6387597651077,-1.343958913621862],[-89.64927212782906,-1.346924509270736],[-89.64814541969903,-1.34205477611154]]],[[[-90.30017322526278,-1.331621676759455],[-90.2897802244502,-1.330944790501433],[-90.29686335131223,-1.338598672685528],[-90.30017322526278,-1.331621676759455]]],[[[-90.34019308235304,-1.306390506368747],[-90.33879808352917,-1.307726743342464],[-90.33950835606757,-1.312567782903591],[-90.34019308235304,-1.306390506368747]]],[[[-90.35096185416967,-1.273246015136317],[-90.35137955581618,-1.274051692478273],[-90.35160197673443,-1.273345458449464],[-90.35096185416967,-1.273246015136317]]],[[[-90.36102653651292,-1.262768433167979],[-90.36119438390085,-1.262833314458134],[-90.3608531791722,-1.26264462224994],[-90.36102653651292,-1.262768433167979]]],[[[-90.36032091165173,-1.262529932018019],[-90.36059240219397,-1.262662610400018],[-90.36059683120821,-1.26245574434438],[-90.36032091165173,-1.262529932018019]]],[[[-90.3615546009353,-1.26224280283623],[-90.36180333503079,-1.26232493805653],[-90.36166170652373,-1.262171243699065],[-90.3615546009353,-1.26224280283623]]],[[[-90.38756523483937,-1.236965900677655],[-90.38421125764029,-1.238505867041156],[-90.38663493231971,-1.239382501503907],[-90.38756523483937,-1.236965900677655]]],[[[-90.36391118806934,-1.233621462550722],[-90.36013209085311,-1.23189747059229],[-90.35957997172105,-1.233432951584342],[-90.36391118806934,-1.233621462550722]]],[[[-90.4456988071912,-1.227050562020033],[-90.44213618855714,-1.228155128018522],[-90.44559201666736,-1.227829011834049],[-90.4456988071912,-1.227050562020033]]],[[[-90.44049401033074,-1.225180792091126],[-90.44084466046782,-1.22519134353819],[-90.44054925260762,-1.225068771038772],[-90.44049401033074,-1.225180792091126]]],[[[-90.42573800879555,-1.220180332149174],[-90.3522680559021,-1.277214038970811],[-90.39964613905397,-1.344218477604544],[-90.4546840465939,-1.359894849893703],[-90.49939196510704,-1.339833912382383],[-90.51123913387651,-1.31575851241439],[-90.47855522379723,-1.232465801957593],[-90.45512435202808,-1.239677613128311],[-90.42573800879555,-1.220180332149174]],[[-90.48860008033286,-1.27948041605392],[-90.48890951252342,-1.280617315534121],[-90.4883696110195,-1.279609167638052],[-90.48860008033286,-1.27948041605392]]],[[[-90.42232186536127,-1.216140818564125],[-90.42373779105489,-1.216498822352332],[-90.42376665579897,-1.215510084714818],[-90.42232186536127,-1.216140818564125]]],[[[-90.87017712948652,-1.029863882628725],[-90.87071128354928,-1.030272894072291],[-90.87095738602088,-1.03014250840549],[-90.87017712948652,-1.029863882628725]]],[[[-90.8827735388426,-1.025512639040769],[-90.88145453039144,-1.025923941521067],[-90.88115014118078,-1.027681682141216],[-90.8827735388426,-1.025512639040769]]],[[[-90.87287456169042,-1.007450132797378],[-90.86343307073525,-1.012705116775722],[-90.8619511490047,-1.016272775798271],[-90.86252797929298,-1.023733120568815],[-90.8729651323986,-1.010578563946962],[-90.88477696348497,-1.02045846956176],[-90.87287456169042,-1.007450132797378]]],[[[-90.92730264057215,-0.963323343049188],[-90.92518555671245,-0.964225273715409],[-90.92642411188416,-0.964644738143658],[-90.92730264057215,-0.963323343049188]]],[[[-90.78226055197678,-0.862841392031359],[-90.77228306782723,-0.866389035994195],[-90.78152973314556,-0.868308095905379],[-90.78226055197678,-0.862841392031359]]],[[[-90.81154613485322,-0.853030647013795],[-90.81182979268405,-0.853290005141271],[-90.812138939391,-0.85310276935443],[-90.81154613485322,-0.853030647013795]]],[[[-90.81031716978679,-0.852530357337882],[-90.81052956162173,-0.852551634353002],[-90.81031972002532,-0.852467254537645],[-90.81031716978679,-0.852530357337882]]],[[[-90.810007257536,-0.85232504764297],[-90.81023290575274,-0.852408169925464],[-90.81006937881793,-0.852214877951857],[-90.810007257536,-0.85232504764297]]],[[[-89.56844945774695,-0.854983724105037],[-89.56830974865751,-0.85713932682658],[-89.56938269057468,-0.856454685801441],[-89.56844945774695,-0.854983724105037]]],[[[-90.75107214467198,-0.850101380043885],[-90.74965527184217,-0.848201368970248],[-90.74749819748278,-0.849580190755038],[-90.75107214467198,-0.850101380043885]]],[[[-90.80336002524682,-0.848590630101558],[-90.79597689958001,-0.849663584118496],[-90.80277639812932,-0.851515112116088],[-90.80336002524682,-0.848590630101558]]],[[[-90.81255890790236,-0.846701680482993],[-90.80846802637075,-0.848746243813657],[-90.81361524073884,-0.850269817629094],[-90.81255890790236,-0.846701680482993]]],[[[-89.35497285656895,-0.831583906711266],[-89.35539778117419,-0.83217131597935],[-89.35548969998811,-0.831805879146555],[-89.35497285656895,-0.831583906711266]]],[[[-89.35602120591825,-0.829797594695544],[-89.35427154676869,-0.829819344789281],[-89.35536723892159,-0.831094809284888],[-89.35602120591825,-0.829797594695544]]],[[[-89.34978500291425,-0.827358006172935],[-89.34878864711247,-0.828245931569638],[-89.34935924588353,-0.828862818006562],[-89.34978500291425,-0.827358006172935]]],[[[-89.350181192996,-0.827034060211409],[-89.34968090393329,-0.82686676388328],[-89.34986565873939,-0.82723049935649],[-89.350181192996,-0.827034060211409]]],[[[-90.03924983148057,-0.802725742631234],[-90.03704480716314,-0.803352616466527],[-90.03625036719713,-0.804245337701551],[-90.03850719320862,-0.803474935820047],[-90.0392479714359,-0.802940235083885],[-90.03924983148057,-0.802725742631234]]],[[[-90.04024010874984,-0.802470046550642],[-90.03984595670437,-0.802394948073977],[-90.0395381077647,-0.802750889708935],[-90.04024010874984,-0.802470046550642]]],[[[-90.08696112025306,-0.798732960961999],[-90.04154960893703,-0.801269234801593],[-90.03056074767406,-0.837855971047941],[-90.08799609479622,-0.828723994473896],[-90.08696112025306,-0.798732960961999]]],[[[-90.80549408362194,-0.787157688095877],[-90.80560616084351,-0.787338198194958],[-90.8056347887616,-0.787209474406969],[-90.80549408362194,-0.787157688095877]]],[[[-90.80456737065695,-0.786927203393502],[-90.80491208966545,-0.787212617749523],[-90.80456426951669,-0.786846108429171],[-90.80456737065695,-0.786927203393502]]],[[[-90.79531080967026,-0.77905121609008],[-90.79520659618487,-0.77929136926494],[-90.79538220548125,-0.779227455709704],[-90.79531080967026,-0.77905121609008]]],[[[-90.78422680021033,-0.769082560758838],[-90.78368711856079,-0.76965454138465],[-90.78436382084325,-0.769132988332189],[-90.78422680021033,-0.769082560758838]]],[[[-90.7843741677279,-0.768574291811042],[-90.78455870257757,-0.768612900135564],[-90.78444022655994,-0.768477321788076],[-90.7843741677279,-0.768574291811042]]],[[[-90.4129669554152,-0.76393763696769],[-90.41267737849488,-0.764580787650901],[-90.41337979042093,-0.76556753281531],[-90.4129669554152,-0.76393763696769]]],[[[-90.28042964750315,-0.758410206468199],[-90.27716686345057,-0.759945065471722],[-90.27922851389441,-0.76022019653786],[-90.28042964750315,-0.758410206468199]]],[[[-90.42167685145245,-0.756835815655147],[-90.42198512893962,-0.756447363100814],[-90.42161626067538,-0.756509504786519],[-90.42167685145245,-0.756835815655147]]],[[[-90.42592215938244,-0.755975939347994],[-90.42576969434005,-0.756300677887001],[-90.42613011128034,-0.756717730655751],[-90.42592215938244,-0.755975939347994]]],[[[-90.3086442239574,-0.755522223247401],[-90.30925516529004,-0.756073244703981],[-90.30930447500869,-0.755890270779487],[-90.3086442239574,-0.755522223247401]]],[[[-90.78855333999371,-0.749574391490623],[-90.7884712479118,-0.749767726584394],[-90.78857449201301,-0.749658840870077],[-90.78855333999371,-0.749574391490623]]],[[[-91.35925225500854,-0.737118443469763],[-91.35876011982222,-0.737375279069298],[-91.35897426588134,-0.73769450591116],[-91.35925225500854,-0.737118443469763]]],[[[-91.35872521659552,-0.736520015901649],[-91.35830581749062,-0.736865595696739],[-91.35881726539068,-0.736614282918767],[-91.35872521659552,-0.736520015901649]]],[[[-90.8102721741349,-0.738057560079965],[-90.8099672788325,-0.737681227554505],[-90.80987317800931,-0.737827006709263],[-90.8102721741349,-0.738057560079965]]],[[[-90.80612648690578,-0.736832848741903],[-90.80488032011834,-0.737166370245828],[-90.80576405331497,-0.737131189686075],[-90.80612648690578,-0.736832848741903]]],[[[-90.80505213163967,-0.724016877115612],[-90.80571091917143,-0.724297729271647],[-90.80543226552497,-0.723504730684895],[-90.80505213163967,-0.724016877115612]]],[[[-91.33981348512425,-0.717562266899354],[-91.34017439674014,-0.717703929533503],[-91.33987841134947,-0.71713200219592],[-91.33981348512425,-0.717562266899354]]],[[[-91.3406926088,-0.716361704298818],[-91.34051302520189,-0.717109082981173],[-91.3408477881796,-0.716522733931037],[-91.3406926088,-0.716361704298818]]],[[[-91.34001916494722,-0.716941327116909],[-91.33890387980796,-0.71609662115767],[-91.33858251681048,-0.716647431838149],[-91.34001916494722,-0.716941327116909]]],[[[-89.24786844159624,-0.70320360724766],[-89.24704069140999,-0.703159529964595],[-89.24758617542767,-0.703931939877449],[-89.24786844159624,-0.70320360724766]]],[[[-89.25194837364525,-0.700630122413994],[-89.25153971327279,-0.701462657657828],[-89.2524270149601,-0.70134841129601],[-89.25194837364525,-0.700630122413994]]],[[[-91.27385605853583,-0.692098623682295],[-91.27083210352703,-0.692101494467722],[-91.27305672067878,-0.693104563355807],[-91.27385605853583,-0.692098623682295]]],[[[-91.27220198623263,-0.69154448487907],[-91.2724179962315,-0.691897428775517],[-91.27234285422054,-0.69151623153897],[-91.27220198623263,-0.69154448487907]]],[[[-91.27160005062628,-0.690206781355599],[-91.27105991446356,-0.689880217178409],[-91.27102417683679,-0.690333626853286],[-91.27160005062628,-0.690206781355599]]],[[[-90.19347434258407,-0.692169328693936],[-90.19293741397192,-0.69254347660015],[-90.19310643035502,-0.693021331190423],[-90.19347434258407,-0.692169328693936]]],[[[-91.27573495187244,-0.690252513727206],[-91.27522389705648,-0.690490434178431],[-91.27487536173632,-0.690942464917153],[-91.27573495187244,-0.690252513727206]]],[[[-91.27202245733699,-0.687929144869058],[-91.27073070412558,-0.689558702197178],[-91.27178201155839,-0.689074102136748],[-91.27202245733699,-0.687929144869058]]],[[[-91.27123588986846,-0.687157296117395],[-91.26982331992687,-0.688267279286522],[-91.27046057625542,-0.688562681013291],[-91.27123588986846,-0.687157296117395]]],[[[-91.26861769039772,-0.68673330285557],[-91.26938650622235,-0.688147117512894],[-91.2688674868556,-0.686560488949632],[-91.26861769039772,-0.68673330285557]]],[[[-90.19212830910912,-0.688039086592634],[-90.19233053235428,-0.688069930218961],[-90.19226489185132,-0.687954314944208],[-90.19212830910912,-0.688039086592634]]],[[[-89.3503300469842,-0.686569565008981],[-89.30545580108912,-0.688725355298924],[-89.28164404659523,-0.70679753163272],[-89.25964148131054,-0.69261811361288],[-89.24113403458911,-0.720056514966312],[-89.3081466578737,-0.802762792613517],[-89.35889125153649,-0.826657963162003],[-89.40178899203644,-0.918356321131907],[-89.53139753299608,-0.956047418689551],[-89.62779274228014,-0.918589061208029],[-89.61361090480574,-0.889293408096682],[-89.54300293987394,-0.846429829450849],[-89.54138679380628,-0.817748990652825],[-89.48401181829954,-0.81737561886495],[-89.46040106585124,-0.753330737132785],[-89.3503300469842,-0.686569565008981]],[[-89.45363759851422,-0.756101039412334],[-89.45473652692766,-0.756991382451603],[-89.45434071284282,-0.757293056955881],[-89.45363759851422,-0.756101039412334]]],[[[-89.33894897782048,-0.684244567309848],[-89.33767678818889,-0.684402663214091],[-89.33939260119723,-0.684839975987016],[-89.33894897782048,-0.684244567309848]]],[[[-91.09045472289732,-0.637417843490993],[-91.09052368737137,-0.637718704666191],[-91.09023380071054,-0.637792653252564],[-91.09068677952244,-0.63778685390034],[-91.09102624094112,-0.637973070247419],[-91.09045472289732,-0.637417843490993]]],[[[-91.07407051181796,-0.611990574058652],[-91.07429739854523,-0.611994996583746],[-91.07410855714268,-0.611850163363525],[-91.07407051181796,-0.611990574058652]]],[[[-90.95592756094699,-0.611895192028055],[-90.95601981851351,-0.61232117321241],[-90.95624787624642,-0.612276776159698],[-90.95592756094699,-0.611895192028055]]],[[[-90.95647710029402,-0.611045772002218],[-90.95651761379051,-0.611978058211495],[-90.95678145214806,-0.611842355816778],[-90.95647710029402,-0.611045772002218]]],[[[-90.5432356925117,-0.611499769409476],[-90.54351075177776,-0.611818066844982],[-90.54359656671981,-0.611674025993294],[-90.5432356925117,-0.611499769409476]]],[[[-91.0813070451315,-0.605234685490398],[-91.08151185098166,-0.605455388159876],[-91.08150116049829,-0.605205096447343],[-91.0813070451315,-0.605234685490398]]],[[[-91.08071379887396,-0.605418211465063],[-91.08103942711831,-0.605343729559918],[-91.08065375827209,-0.605021327704566],[-91.08071379887396,-0.605418211465063]]],[[[-90.53951929846548,-0.601198038811015],[-90.53970085343438,-0.601394174788925],[-90.53961055434849,-0.601130107390726],[-90.53951929846548,-0.601198038811015]]],[[[-91.07911105074635,-0.599692488684641],[-91.07976727602023,-0.600239411413712],[-91.07973786139058,-0.599843895876582],[-91.07911105074635,-0.599692488684641]]],[[[-91.07806539261894,-0.598796762408641],[-91.07868158858253,-0.598991839468253],[-91.07826073110377,-0.598602605062926],[-91.07806539261894,-0.598796762408641]]],[[[-91.0803193828518,-0.598510649416925],[-91.08038031845442,-0.598661945339862],[-91.08041872556463,-0.598509328058906],[-91.0803193828518,-0.598510649416925]]],[[[-91.07786325864875,-0.598381202949183],[-91.07743395069456,-0.598787044961516],[-91.07759917905861,-0.598907816808174],[-91.07786325864875,-0.598381202949183]]],[[[-91.08986559348105,-0.598400253529313],[-91.09109303685418,-0.598590662204505],[-91.09064935101219,-0.5979705697576],[-91.08986559348105,-0.598400253529313]]],[[[-90.65353672793971,-0.598711789344557],[-90.65400574759785,-0.598684420566609],[-90.65370904898508,-0.598497171310154],[-90.65353672793971,-0.598711789344557]]],[[[-91.09027130124937,-0.597674756095697],[-91.09008191645383,-0.597790339987452],[-91.09027334275589,-0.597746461662513],[-91.09027130124937,-0.597674756095697]]],[[[-91.09077119473118,-0.594970122902964],[-91.09125148791655,-0.595451519048735],[-91.09112708934587,-0.594913733178305],[-91.09077119473118,-0.594970122902964]]],[[[-91.09023495630296,-0.594712322381691],[-91.0906100275651,-0.594788227317767],[-91.09028890860549,-0.594541442677869],[-91.09023495630296,-0.594712322381691]]],[[[-90.6838187265376,-0.591497205623949],[-90.6844312371945,-0.591290088651559],[-90.68407094088639,-0.591133366029308],[-90.6838187265376,-0.591497205623949]]],[[[-90.67095557480792,-0.587512833128964],[-90.64452937779238,-0.607233516451406],[-90.657079091059,-0.634488704915417],[-90.6848108414281,-0.621439210468581],[-90.68804936251186,-0.600629543839621],[-90.67095557480792,-0.587512833128964]]],[[[-90.16557793408285,-0.58393391237189],[-90.15908126850474,-0.583617415996044],[-90.1588595200521,-0.584588053082454],[-90.16557793408285,-0.58393391237189]]],[[[-90.16573002434846,-0.580272715885504],[-90.15967461204168,-0.579983662370609],[-90.15790893312038,-0.579790752925192],[-90.15941500483855,-0.581277865074383],[-90.16573002434846,-0.580272715885504]]],[[[-90.14313408498498,-0.568509330901979],[-90.1433569723226,-0.569025577549588],[-90.14338508597962,-0.568442137768704],[-90.14313408498498,-0.568509330901979]]],[[[-90.14341318799286,-0.568060652960929],[-90.14355254195169,-0.568329994164796],[-90.14351925181624,-0.567942966975416],[-90.14341318799286,-0.568060652960929]]],[[[-90.14345815412842,-0.56733707200427],[-90.14374803008269,-0.567797239765323],[-90.14369802128188,-0.567275476281048],[-90.14345815412842,-0.56733707200427]]],[[[-90.14155060930274,-0.566378130126149],[-90.14246370953065,-0.566788636539315],[-90.1421215251659,-0.566099563731929],[-90.14155060930274,-0.566378130126149]]],[[[-90.53922634122644,-0.561334608946],[-90.53521165114849,-0.558950709298102],[-90.5347977734001,-0.561847313575864],[-90.53922634122644,-0.561334608946]]],[[[-90.94936153415287,-0.545987567638262],[-90.94941746342954,-0.546325917659051],[-90.94968208391788,-0.545974386130803],[-90.94936153415287,-0.545987567638262]]],[[[-90.51644789730408,-0.535346363631487],[-90.51797139934388,-0.535555779966779],[-90.51735889911251,-0.534830079374746],[-90.51644789730408,-0.535346363631487]]],[[[-90.51613523640478,-0.534069602507744],[-90.51570449435617,-0.534607503815791],[-90.51627892104366,-0.53422422365318],[-90.51613523640478,-0.534069602507744]]],[[[-90.51868053545789,-0.532641970099724],[-90.51656396941789,-0.532942735080367],[-90.5170336344103,-0.534302897222284],[-90.51868053545789,-0.532641970099724]]],[[[-90.47225849630036,-0.519956491187013],[-90.47244790987183,-0.52002851366672],[-90.47230523413056,-0.519829249241855],[-90.47225849630036,-0.519956491187013]]],[[[-90.47188569153072,-0.519343444429151],[-90.47168719215888,-0.519766634293646],[-90.47210401548942,-0.519866677069527],[-90.47188569153072,-0.519343444429151]]],[[[-90.47257914479596,-0.518744293752673],[-90.4723616025042,-0.518964021211807],[-90.47246048594506,-0.519109941458645],[-90.47257914479596,-0.518744293752673]]],[[[-90.47847643259968,-0.518847261568358],[-90.47360890628893,-0.517287799338295],[-90.47471989625286,-0.518843582962693],[-90.47312885179689,-0.520188678486094],[-90.47847643259968,-0.518847261568358]]],[[[-90.52575106509978,-0.515016701420359],[-90.52492999542646,-0.515172481107612],[-90.52540510022133,-0.517147828181249],[-90.52575106509978,-0.515016701420359]]],[[[-90.52743800037707,-0.513796848407738],[-90.52774837408776,-0.51455035612823],[-90.52872962502563,-0.513500216835593],[-90.52743800037707,-0.513796848407738]]],[[[-90.52906807742893,-0.51357377252749],[-90.52941474433881,-0.513342242142897],[-90.52903327299877,-0.513488070421433],[-90.52906807742893,-0.51357377252749]]],[[[-91.43006687290996,-0.494910743735428],[-91.4302026119275,-0.494929045137657],[-91.43011261365764,-0.494850883873223],[-91.43006687290996,-0.494910743735428]]],[[[-90.34600533105429,-0.491355079586015],[-90.3464618511067,-0.491757071297789],[-90.34656466444765,-0.491470080605942],[-90.34600533105429,-0.491355079586015]]],[[[-90.25038738890527,-0.482381962112022],[-90.23513782837618,-0.524631100847382],[-90.16886281253988,-0.5731489888259],[-90.18418193851488,-0.60815250526404],[-90.17713643589697,-0.666800315267221],[-90.19621190921706,-0.68110905048694],[-90.19926588047213,-0.698352518216415],[-90.22255922727277,-0.695459997465124],[-90.23961101545079,-0.744958121956283],[-90.30745011429295,-0.741559384961703],[-90.31242508324836,-0.767034102469461],[-90.40609278787339,-0.772312201551737],[-90.41558922183175,-0.759024884827806],[-90.422371570143,-0.758857238292155],[-90.42105341213087,-0.757108392221308],[-90.42102307087323,-0.754665925097819],[-90.44965475884071,-0.748626829449581],[-90.46615128717387,-0.721648082945803],[-90.53564916594891,-0.695761139593987],[-90.55003212166264,-0.629292785020037],[-90.53038971885442,-0.584901999656992],[-90.53568204585643,-0.566022207039016],[-90.51762981072642,-0.558583507308635],[-90.5129578723732,-0.531627761190183],[-90.41416499604478,-0.50388133618405],[-90.36306707277653,-0.515599091446805],[-90.35959176559983,-0.493846576057834],[-90.32700551083977,-0.495372254686182],[-90.3361266197032,-0.507964511705876],[-90.32581856217577,-0.494199712619289],[-90.25038738890527,-0.482381962112022]]],[[[-90.95248663082381,-0.436451951735118],[-90.95254389347517,-0.436589398121263],[-90.95256719454936,-0.436443022158178],[-90.95248663082381,-0.436451951735118]]],[[[-90.95290898765207,-0.436232087145404],[-90.95293454571687,-0.43637368456377],[-90.9529882137329,-0.436188348025318],[-90.95290898765207,-0.436232087145404]]],[[[-90.95415920419201,-0.436126103186419],[-90.95334270337622,-0.436852724694023],[-90.95379251854287,-0.437053659703215],[-90.95415920419201,-0.436126103186419]]],[[[-90.95326087004194,-0.435907413282786],[-90.95338254903933,-0.43530338409308],[-90.95309420555269,-0.435474460968308],[-90.95326087004194,-0.435907413282786]]],[[[-90.95087030094408,-0.434375944142384],[-90.95120445877549,-0.434499904687471],[-90.9509429493874,-0.434079313190212],[-90.95087030094408,-0.434375944142384]]],[[[-90.95091612222163,-0.433981386653974],[-90.95048654243973,-0.434009479143702],[-90.95033424268675,-0.43426259939781],[-90.95091612222163,-0.433981386653974]]],[[[-90.95119827053963,-0.43380189989608],[-90.95129133987572,-0.434045593729169],[-90.95124802248311,-0.433817465553247],[-90.95119827053963,-0.43380189989608]]],[[[-90.94478256279322,-0.43341832727663],[-90.94475345607543,-0.433449240901875],[-90.94480474291372,-0.43343126237661],[-90.94478256279322,-0.43341832727663]]],[[[-90.94445497028347,-0.433267065779008],[-90.9445714448447,-0.433308507023962],[-90.94450006405089,-0.433236969277238],[-90.94445497028347,-0.433267065779008]]],[[[-90.94516196694627,-0.433274400621571],[-90.94500247564635,-0.433222278884247],[-90.94494702796707,-0.433344413694814],[-90.94516196694627,-0.433274400621571]]],[[[-90.94432908182804,-0.434162856811556],[-90.94299356723869,-0.433213863187036],[-90.94279186935235,-0.434474727224749],[-90.94432908182804,-0.434162856811556]]],[[[-90.94469098618927,-0.432969486019944],[-90.9447488934093,-0.433050150034676],[-90.9448131142244,-0.433027383653584],[-90.94469098618927,-0.432969486019944]]],[[[-90.94748565770692,-0.432988691595946],[-90.94752964542941,-0.433062663057276],[-90.94753695097597,-0.432950369963474],[-90.94748565770692,-0.432988691595946]]],[[[-90.94383753021495,-0.432873232037362],[-90.94375769299265,-0.433188303845807],[-90.94385810810788,-0.433167717585517],[-90.94383753021495,-0.432873232037362]]],[[[-90.94486391912768,-0.432801270867],[-90.94495731777931,-0.432823809166894],[-90.94486572063285,-0.432780656789173],[-90.94486391912768,-0.432801270867]]],[[[-90.9481109950671,-0.432742753234414],[-90.94812373952624,-0.432774311914022],[-90.948176286332,-0.432749010327113],[-90.9481109950671,-0.432742753234414]]],[[[-90.94418558350061,-0.43275226163728],[-90.94426452233813,-0.432776152295759],[-90.94421721940981,-0.432671801504926],[-90.94418558350061,-0.43275226163728]]],[[[-90.94696315035654,-0.432583853315577],[-90.94703706470999,-0.432587580897244],[-90.9469539043574,-0.432566853011312],[-90.94696315035654,-0.432583853315577]]],[[[-90.94565810791624,-0.43253250382582],[-90.94569644139112,-0.432592097414125],[-90.94572195202808,-0.432578090060667],[-90.94565810791624,-0.43253250382582]]],[[[-90.94866491624559,-0.432554479892025],[-90.94836512855535,-0.432536858400124],[-90.94830564904325,-0.432624907064443],[-90.94866491624559,-0.432554479892025]]],[[[-90.94785805654035,-0.432510953005171],[-90.9478259858859,-0.432541232236976],[-90.94787727327792,-0.43252334399738],[-90.94785805654035,-0.432510953005171]]],[[[-90.94682872844083,-0.432485716892569],[-90.94683529471303,-0.432449824154997],[-90.9467543736544,-0.432449982794291],[-90.94682872844083,-0.432485716892569]]],[[[-90.94857614781664,-0.432346953946837],[-90.94862919841486,-0.432451036400908],[-90.94863425413298,-0.432354836129136],[-90.94857614781664,-0.432346953946837]]],[[[-90.9467792719099,-0.432376211536273],[-90.94667177083649,-0.432359907951223],[-90.94667131584927,-0.432386127439195],[-90.9467792719099,-0.432376211536273]]],[[[-90.94853745267164,-0.432296763566635],[-90.9484475471668,-0.432307498282786],[-90.9485187598855,-0.432338168184485],[-90.94853745267164,-0.432296763566635]]],[[[-90.94879297433953,-0.432270974211955],[-90.94889064758438,-0.432428684659379],[-90.94892696114628,-0.432318207635589],[-90.94879297433953,-0.432270974211955]]],[[[-90.9451405791806,-0.432321245141846],[-90.94521266778578,-0.432431209206211],[-90.94523840286323,-0.432250567232339],[-90.9451405791806,-0.432321245141846]]],[[[-90.94886120642713,-0.432031303585021],[-90.9488614437709,-0.432151283803921],[-90.9489086234821,-0.432043974215405],[-90.94886120642713,-0.432031303585021]]],[[[-90.94804448539534,-0.431918244011192],[-90.94775042350767,-0.432319334411446],[-90.94826103144271,-0.432220558889681],[-90.94804448539534,-0.431918244011192]]],[[[-90.94804433780426,-0.43180115745965],[-90.94821840418808,-0.431761059908119],[-90.94805613236045,-0.431693114193165],[-90.94804433780426,-0.43180115745965]]],[[[-90.94796374549782,-0.431580251792851],[-90.94747557085344,-0.431755343405644],[-90.94743377638277,-0.43187323179074],[-90.94786010825179,-0.431896223330392],[-90.94796374549782,-0.431580251792851]]],[[[-90.94886199371017,-0.431439177708287],[-90.94844035235216,-0.431676401222263],[-90.94888335776339,-0.43181440509222],[-90.94886199371017,-0.431439177708287]]],[[[-90.94682662656369,-0.430948758452057],[-90.9468848211411,-0.430959624027549],[-90.94689668510975,-0.430928615212163],[-90.94682662656369,-0.430948758452057]]],[[[-90.94762680440392,-0.43078577704376],[-90.94761340450913,-0.430851686235407],[-90.94765024328828,-0.430795005592547],[-90.94762680440392,-0.43078577704376]]],[[[-90.94736882125645,-0.430612293002451],[-90.9473235591416,-0.430599531019731],[-90.94732436213904,-0.430621321208917],[-90.94736882125645,-0.430612293002451]]],[[[-90.94808603733631,-0.430022892152949],[-90.94811315355997,-0.430050928332894],[-90.9481112798547,-0.430001561127143],[-90.94808603733631,-0.430022892152949]]],[[[-90.94763408271909,-0.429765901808138],[-90.94778395886985,-0.429838183867564],[-90.94774473901644,-0.429735733484477],[-90.94763408271909,-0.429765901808138]]],[[[-90.94715150364651,-0.429503116731005],[-90.94746160093084,-0.429585115741995],[-90.94737290750275,-0.429437173668472],[-90.94715150364651,-0.429503116731005]]],[[[-90.94751205132962,-0.429342999175237],[-90.94744263256774,-0.429321642840186],[-90.94745888034952,-0.42935012745495],[-90.94751205132962,-0.429342999175237]]],[[[-90.94654764585648,-0.427671153643654],[-90.94666526082791,-0.427822268872916],[-90.94661061018599,-0.427652094151715],[-90.94654764585648,-0.427671153643654]]],[[[-90.94596783142433,-0.42763239027376],[-90.94600823761748,-0.427670104765897],[-90.9459806868805,-0.427588994691915],[-90.94596783142433,-0.42763239027376]]],[[[-90.94688768797687,-0.427282100463119],[-90.94671348761693,-0.427491725355131],[-90.94696856843292,-0.427434651410753],[-90.94688768797687,-0.427282100463119]]],[[[-90.94551458427816,-0.427173504598943],[-90.94565154428798,-0.427185023715739],[-90.9456115999597,-0.427102194068512],[-90.94551458427816,-0.427173504598943]]],[[[-90.94768957180392,-0.426783769399861],[-90.94769662244565,-0.426950767408801],[-90.94780514368901,-0.426841214058995],[-90.94768957180392,-0.426783769399861]]],[[[-90.94773567171522,-0.426683874180844],[-90.9478241236444,-0.426731365113319],[-90.94785502518964,-0.426707594351693],[-90.94773567171522,-0.426683874180844]]],[[[-90.94778626083345,-0.426588047803769],[-90.94766573782975,-0.426572283418901],[-90.94766995389524,-0.426588921578952],[-90.94778626083345,-0.426588047803769]]],[[[-90.94721690405962,-0.426396758680682],[-90.94746634935281,-0.426592301681424],[-90.94710406222208,-0.426201794209502],[-90.94721690405962,-0.426396758680682]]],[[[-90.94782208948534,-0.425593496455337],[-90.94787892085691,-0.425664033965817],[-90.94787598073228,-0.425577326492592],[-90.94782208948534,-0.425593496455337]]],[[[-90.94996135631882,-0.42511948190502],[-90.94991732199394,-0.425217931832179],[-90.94999627656208,-0.425183685771013],[-90.94996135631882,-0.42511948190502]]],[[[-90.94969509286896,-0.424669324752164],[-90.94970064635301,-0.425064801433763],[-90.94995936098476,-0.4248570070034],[-90.94969509286896,-0.424669324752164]]],[[[-90.95005532260971,-0.424010388744024],[-90.94982281254495,-0.423957523890644],[-90.94970666512287,-0.424036877804884],[-90.95005532260971,-0.424010388744024]]],[[[-90.94802850155719,-0.423800447162975],[-90.94809755930125,-0.423829850279588],[-90.94804386679671,-0.42377088653528],[-90.94802850155719,-0.423800447162975]]],[[[-90.95003449034856,-0.423653515889227],[-90.95004408740589,-0.423696103580233],[-90.95006690816744,-0.423668985517888],[-90.95003449034856,-0.423653515889227]]],[[[-90.94850508256557,-0.423651480477929],[-90.9485967214401,-0.423877813069511],[-90.94857334747137,-0.42362274720476],[-90.94850508256557,-0.423651480477929]]],[[[-90.94810310000715,-0.423249932081131],[-90.94773769942906,-0.423425420229429],[-90.94808823897746,-0.423410594760966],[-90.94810310000715,-0.423249932081131]]],[[[-90.9496915218414,-0.423219343046743],[-90.94974394544198,-0.423323514761548],[-90.9498565998325,-0.423208627740409],[-90.9496915218414,-0.423219343046743]]],[[[-90.94877359831226,-0.423052102898711],[-90.94889301147973,-0.423190830995068],[-90.94887320032443,-0.423049778389698],[-90.94877359831226,-0.423052102898711]]],[[[-90.95129328139639,-0.422336958087243],[-90.9511019268334,-0.422552274889479],[-90.95140073307266,-0.422543765644788],[-90.95129328139639,-0.422336958087243]]],[[[-90.9546970884758,-0.422276740823561],[-90.95496624296747,-0.422670842213204],[-90.95476492172955,-0.4221802861231],[-90.9546970884758,-0.422276740823561]]],[[[-90.95161404985879,-0.422146448588523],[-90.95168803384985,-0.422230192596908],[-90.95169480291653,-0.422103342503293],[-90.95161404985879,-0.422146448588523]]],[[[-90.95135449973579,-0.422122963014917],[-90.95140289417462,-0.422178490369952],[-90.95139500968929,-0.422105342780733],[-90.95135449973579,-0.422122963014917]]],[[[-90.95299191975164,-0.421911193383683],[-90.9529872170821,-0.422035783314735],[-90.95316628851144,-0.422089989979278],[-90.95299191975164,-0.421911193383683]]],[[[-90.35834336942345,-0.422807051751455],[-90.35912834242257,-0.422834524500862],[-90.358905100383,-0.422494180603722],[-90.35834336942345,-0.422807051751455]]],[[[-90.95255135382462,-0.421709451402903],[-90.95264582322125,-0.421761825933952],[-90.95265858784464,-0.421716260158919],[-90.95255135382462,-0.421709451402903]]],[[[-90.95299836627983,-0.421643295192748],[-90.95289470567904,-0.421709089530956],[-90.95306632381332,-0.421757778178783],[-90.95299836627983,-0.421643295192748]]],[[[-90.95378129684828,-0.421499382216546],[-90.95384459095082,-0.421588545515849],[-90.95381093914818,-0.421481486723765],[-90.95378129684828,-0.421499382216546]]],[[[-90.9522779486064,-0.42142936378165],[-90.95232556055018,-0.421389774237505],[-90.95227535252563,-0.421398893190061],[-90.9522779486064,-0.42142936378165]]],[[[-90.95261204351635,-0.421455130181224],[-90.95273086127858,-0.42146592020772],[-90.95284449911968,-0.421374270581605],[-90.95261204351635,-0.421455130181224]]],[[[-90.95384853600589,-0.421271281581054],[-90.95381169746987,-0.421329498881492],[-90.95388266255596,-0.421275811743895],[-90.95384853600589,-0.421271281581054]]],[[[-90.37466276281661,-0.422445514920539],[-90.36952609612769,-0.421183998723392],[-90.37089920047823,-0.425704862857315],[-90.37466276281661,-0.422445514920539]]],[[[-90.6318634498116,-0.419309247489868],[-90.62671812651607,-0.417639800573621],[-90.62670364747018,-0.418312334998109],[-90.6318634498116,-0.419309247489868]]],[[[-90.63258159676921,-0.416660792012139],[-90.63079465390656,-0.416592183616845],[-90.63189131992108,-0.418001959765043],[-90.63258159676921,-0.416660792012139]]],[[[-90.62777518560877,-0.413343736803731],[-90.62818541643632,-0.414353210834791],[-90.62836079261992,-0.414307977265932],[-90.62777518560877,-0.413343736803731]]],[[[-90.27669435337299,-0.411043426525961],[-90.24771161769104,-0.464674975183668],[-90.29419180186362,-0.484224071154886],[-90.29672064044551,-0.455702233430232],[-90.28114743623108,-0.441800408762735],[-90.29444376332,-0.414815559200549],[-90.27669435337299,-0.411043426525961]]],[[[-90.27904837438969,-0.404232293911684],[-90.27733830405865,-0.402604418639379],[-90.27710840096933,-0.407738276089197],[-90.27904837438969,-0.404232293911684]]],[[[-90.70464715475268,-0.397608772866712],[-90.69705612698813,-0.41024757198419],[-90.70554980377942,-0.427656653242979],[-90.72055356748275,-0.414150090267154],[-90.70464715475268,-0.397608772866712]]],[[[-90.29018424154835,-0.389492425865489],[-90.27652774391,-0.396213073318791],[-90.2927298009501,-0.400595292894428],[-90.29018424154835,-0.389492425865489]]],[[[-90.96302211713682,-0.384573400529091],[-90.96200363506233,-0.38612640406777],[-90.96167646987841,-0.388295120743957],[-90.96302211713682,-0.384573400529091]]],[[[-90.5776227644807,-0.375018130987315],[-90.57809765858435,-0.3756699876636],[-90.57828316310413,-0.375010631381104],[-90.5776227644807,-0.375018130987315]]],[[[-90.5735092022071,-0.374686783027262],[-90.57231767010865,-0.374840025845243],[-90.57265673927613,-0.375382739981144],[-90.5735092022071,-0.374686783027262]]],[[[-90.58414974085701,-0.367889182184991],[-90.5809936250995,-0.370361444411445],[-90.58576535622083,-0.371719000009778],[-90.58414974085701,-0.367889182184991]]],[[[-90.56930656664463,-0.367494722084168],[-90.57129559920709,-0.367645136424492],[-90.57160175105697,-0.366411107383346],[-90.56930656664463,-0.367494722084168]]],[[[-90.56563183246297,-0.364129726229075],[-90.56755767782968,-0.364168213953653],[-90.56660404640516,-0.362816700504706],[-90.56563183246297,-0.364129726229075]]],[[[-91.38181487352594,-0.357329642260844],[-91.38121282696201,-0.357755674094502],[-91.38182245820886,-0.357620036933586],[-91.38181487352594,-0.357329642260844]]],[[[-90.56432989713156,-0.357775078048042],[-90.56375234351309,-0.359631640586843],[-90.56589547818456,-0.359646498373899],[-90.56432989713156,-0.357775078048042]]],[[[-90.6729706414134,-0.348680696349586],[-90.67161408894802,-0.349888526013785],[-90.67283521181864,-0.350217156714566],[-90.6729706414134,-0.348680696349586]]],[[[-90.56668883259303,-0.348317197098087],[-90.56600871863995,-0.353081616593692],[-90.5684454946118,-0.350537749722991],[-90.56668883259303,-0.348317197098087]]],[[[-90.55767641462884,-0.348057236160082],[-90.55923280026609,-0.348337761788946],[-90.55891169526441,-0.347044100534655],[-90.55767641462884,-0.348057236160082]]],[[[-90.55791596416978,-0.342083126536368],[-90.56059929098986,-0.343683999348152],[-90.56101780646289,-0.342908013238548],[-90.55791596416978,-0.342083126536368]]],[[[-90.55975634388103,-0.286319066581106],[-90.54139080510181,-0.285091875991619],[-90.55945674564005,-0.290025193881226],[-90.55975634388103,-0.286319066581106]]],[[[-91.13250566854649,-0.263517445053736],[-91.13268908541116,-0.263491159016312],[-91.13251486293127,-0.263295453535537],[-91.13250566854649,-0.263517445053736]]],[[[-91.4596690440392,-0.260047010635986],[-91.41305231289218,-0.285950559813102],[-91.38531011053394,-0.334437778403293],[-91.37685332773106,-0.394662146743566],[-91.39513379802345,-0.433360340120552],[-91.38934245766471,-0.436259419911044],[-91.38701427809978,-0.453788048850511],[-91.38870211577141,-0.457303897771798],[-91.40172491363917,-0.474128593002922],[-91.4082215697969,-0.476766004179065],[-91.41778809007447,-0.487700863945068],[-91.4240585918681,-0.489562848673748],[-91.42462599172045,-0.492663039248355],[-91.42773923669495,-0.493235533714433],[-91.42794781611428,-0.494091043671607],[-91.43038897576653,-0.494750743781132],[-91.4305426067393,-0.495470493388873],[-91.49518682227364,-0.505969229664647],[-91.60967499745196,-0.480783508167761],[-91.65096352037783,-0.395900851080932],[-91.65850759857351,-0.307117827013962],[-91.55954540646523,-0.29674925548241],[-91.4596690440392,-0.260047010635986]]],[[[-90.84703384457163,-0.172670936306605],[-90.84293768281616,-0.17370835856431],[-90.84801674971985,-0.17503994223937],[-90.84703384457163,-0.172670936306605]]],[[[-90.81910609411162,-0.156525441852632],[-90.81966859415728,-0.156733165744317],[-90.81934058662182,-0.156347092814696],[-90.81910609411162,-0.156525441852632]]],[[[-90.79048458950886,-0.146035758556151],[-90.74958205508557,-0.150175468414026],[-90.69732705594815,-0.188775308764682],[-90.64687105321521,-0.195897611508891],[-90.58249899024646,-0.237352396260854],[-90.57532803262325,-0.281615523985319],[-90.54636593881972,-0.317510907485039],[-90.56796276413488,-0.328455537039756],[-90.57919965008449,-0.363735139907312],[-90.6050155788851,-0.37497392863118],[-90.67119413546142,-0.346594593580742],[-90.74083362335794,-0.36040516782506],[-90.79097005554777,-0.326265821480767],[-90.8334295864934,-0.329328198160239],[-90.82982754975363,-0.298361115245842],[-90.87050302330255,-0.268854343952712],[-90.8701320458242,-0.247759139095941],[-90.83146567189443,-0.208082650810938],[-90.82903673443731,-0.162637772543253],[-90.79048458950886,-0.146035758556151]]],[[[-90.50809894205621,-0.145188908074212],[-90.51896602280324,-0.131253589875449],[-90.49919328462241,-0.119319673049498],[-90.49919863186888,-0.134246375246235],[-90.50809894205621,-0.145188908074212]]],[[[-91.33458664171097,0.157293004176511],[-91.3346951694403,0.157129326095165],[-91.33484176265291,0.157249435157202],[-91.33458664171097,0.157293004176511]]],[[[-91.35044401851975,0.15886332743438],[-91.34994330646566,0.158833985225735],[-91.34985843603492,0.158596585198814],[-91.35044401851975,0.15886332743438]]],[[[-91.35208030790541,0.159618774603627],[-91.35194839841179,0.15897721468154],[-91.35210900874281,0.159059795024818],[-91.35208030790541,0.159618774603627]]],[[[-91.35624201952169,0.161313602356016],[-91.35678327666041,0.160967097419836],[-91.35687369820573,0.161437913159958],[-91.35624201952169,0.161313602356016]]],[[[-91.36095144741455,0.161744822160189],[-91.36101543559356,0.161406505932058],[-91.36110955582151,0.161682434253241],[-91.36095144741455,0.161744822160189]]],[[[-91.36051964193909,0.162737048543419],[-91.36115086009171,0.161906898859527],[-91.36154571030863,0.161364315906947],[-91.36111954883602,0.162530813409594],[-91.36051964193909,0.162737048543419]]],[[[-91.36053451925729,0.163164720731958],[-91.35793574897244,0.162763876935928],[-91.35937671436437,0.16176006730743],[-91.36053451925729,0.163164720731958]]],[[[-91.34050933887958,0.16453460354311],[-91.32546065027304,0.137468360185344],[-91.31039248485173,0.132620508004411],[-91.28914108490538,0.061315789495155],[-91.19885840635727,-0.021753212821265],[-91.17639968424348,-0.220758717345276],[-91.14943868259095,-0.25042482318199],[-91.13520521695234,-0.262941393786399],[-91.12195737290654,-0.269476610474413],[-91.11506850215716,-0.276786758329617],[-91.09921448972541,-0.302858676168054],[-91.10996706862575,-0.3071914066653],[-90.99801070804517,-0.380958888904163],[-90.96353287913612,-0.428983029258307],[-90.9568542758363,-0.422331742413572],[-90.94943498717628,-0.426065531446752],[-90.94976428827692,-0.425198451319144],[-90.94910894315798,-0.425488507989278],[-90.9488629399778,-0.424498400748622],[-90.94799519826665,-0.42407728784997],[-90.94961528836951,-0.432961061582801],[-90.94719931168527,-0.432749105191789],[-90.94672607034066,-0.43249744260177],[-90.9464324688665,-0.432854048342718],[-90.95165598018176,-0.433032142194019],[-90.95473115879881,-0.434684319267462],[-90.95623743778997,-0.451596341419216],[-90.94222214898465,-0.471550151484001],[-90.94984455054274,-0.545991710578927],[-90.95588722687278,-0.560925655977636],[-90.97056661828462,-0.564290657284818],[-90.98084773546692,-0.58034101965054],[-90.95566809091783,-0.577470907089771],[-90.95777354821087,-0.613267951397002],[-90.93461834277086,-0.628200167418416],[-90.89366270596432,-0.607608215349037],[-90.88278825542007,-0.642673134409392],[-90.8413125908319,-0.684722585875405],[-90.85513743139443,-0.704591466964437],[-90.82698558501029,-0.705367949113776],[-90.82857687458748,-0.727008120098676],[-90.80645986022485,-0.72498400787886],[-90.81401220579167,-0.738920446145251],[-90.78807506926755,-0.740301926063066],[-90.7899917761905,-0.749784682099238],[-90.78090542575032,-0.758078662599678],[-90.79609026248208,-0.77367068573389],[-90.79686428666957,-0.783255446211831],[-90.82505121794797,-0.790812688580984],[-90.84967166158673,-0.915263861093915],[-90.88328965686196,-0.915135815848817],[-90.90456190144427,-0.953054085211269],[-90.929364832089,-0.964080281177874],[-90.99483023778743,-0.959532692881277],[-91.06173229497576,-1.012247141072063],[-91.13699806374824,-1.021385301354493],[-91.17710432291574,-1.051199195926092],[-91.30000424176961,-1.017172940838712],[-91.42072017930965,-1.01183235909548],[-91.44377610897129,-0.997838238390908],[-91.44777907886615,-0.956980947372854],[-91.48606694218327,-0.94032580708227],[-91.51238239820533,-0.907470947365345],[-91.48821631603175,-0.847094230598074],[-91.433688878361,-0.787124257216333],[-91.37146630272638,-0.753914880664435],[-91.3306691447321,-0.718291888396625],[-91.32013598602067,-0.690178533006117],[-91.26775152681883,-0.694172506239183],[-91.21775220546603,-0.66632528050007],[-91.17022086567883,-0.688095206379745],[-91.14271837065834,-0.654177143543924],[-91.10954650419743,-0.635615653206251],[-91.09284361486878,-0.644552443609538],[-91.07180526089849,-0.6163749244106],[-91.07572318938645,-0.605511101367213],[-91.08089482932421,-0.603003376542345],[-91.07052876256358,-0.597760941978175],[-91.06902654228499,-0.594047167928587],[-91.09621431052585,-0.588444487791048],[-91.22065300397273,-0.477617188952942],[-91.22572567249037,-0.39287673681849],[-91.33518409256774,-0.333778940437078],[-91.3695031725784,-0.260177954255955],[-91.38794343442545,-0.260465036332635],[-91.39665401547855,-0.22342848800978],[-91.38129006119297,-0.205596637912868],[-91.40495388086195,-0.163539203280317],[-91.40493077201732,-0.064308812324466],[-91.41897536249014,-0.030681248425826],[-91.47045848817243,-0.014688923650717],[-91.56136667467676,-0.053914555242191],[-91.59430876232504,-0.01126872282773],[-91.5877932181162,0.005883116407851],[-91.52175359327016,0.036665249715121],[-91.49072295386021,0.098976866784303],[-91.39168666500208,0.124322373158177],[-91.36307905973652,0.162147163299028],[-91.36216324483938,0.159762654930527],[-91.34969169125104,0.157706145787131],[-91.34050933887958,0.16453460354311]]],[[[-91.33952050064718,0.164425185593501],[-91.33994055017206,0.164363724761274],[-91.33950754906148,0.164614825335722],[-91.33952050064718,0.164425185593501]]],[[[-91.33911337663292,0.164606293270201],[-91.3393490322019,0.164219793139442],[-91.33915837466652,0.164686873278185],[-91.33911337663292,0.164606293270201]]],[[[-91.3386175275802,0.164470869835289],[-91.33890436623982,0.164327011643163],[-91.33890486479069,0.16480921040717],[-91.3386175275802,0.164470869835289]]],[[[-90.40509275996162,0.307725457096848],[-90.40524002143633,0.307234369768833],[-90.40563127720763,0.307557121252622],[-90.40509275996162,0.307725457096848]]],[[[-89.95431437804967,0.346375738758762],[-89.93584200193457,0.323586346089035],[-89.94887324136117,0.299628635209334],[-89.94861695049963,0.318449381928159],[-89.96683336780278,0.306567949957017],[-89.97805096503579,0.317368451586635],[-89.95431437804967,0.346375738758762]]],[[[-90.53660756082546,0.362215211331193],[-90.46084385438046,0.385666246255407],[-90.4012914021756,0.322838950699934],[-90.41842837115571,0.296164418484169],[-90.48085753485721,0.277054849371865],[-90.53986103931025,0.314082516488048],[-90.53660756082546,0.362215211331193]]],[[[-90.7699308867184,0.639920838501107],[-90.7296578841626,0.59902731923566],[-90.72184198165628,0.541163321963901],[-90.77995174271419,0.552419820692592],[-90.7892803535101,0.626502427134233],[-90.7699308867184,0.639920838501107]]],[[[-91.82583575073909,1.390865179033901],[-91.81153736677128,1.381042871597803],[-91.82429588997762,1.374612949234564],[-91.82583575073909,1.390865179033901]]],[[[-91.99043519087864,1.671505249722363],[-91.99062129621782,1.671446276433308],[-91.99048692546724,1.671587683298802],[-91.99043519087864,1.671505249722363]]],[[[-91.99043309962065,1.672079115164611],[-91.9908628068623,1.67202831892515],[-91.99050731540767,1.672322397341599],[-91.99043309962065,1.672079115164611]]],[[[-91.99823689044528,1.672365911581932],[-91.99846865198101,1.672324238488631],[-91.99829581261862,1.672457394904006],[-91.99823689044528,1.672365911581932]]],[[[-91.9986040532252,1.672277992562641],[-91.99891668934264,1.672468658564801],[-91.99887103511227,1.672624314824823],[-91.9986040532252,1.672277992562641]]],[[[-92.00789598573883,1.678003983961307],[-92.00822639371569,1.677896596952408],[-92.00812409094905,1.678085513379965],[-92.00789598573883,1.678003983961307]]],[[[-92.00810820787098,1.680705189789404],[-92.00826480760368,1.68068989166472],[-92.00817082102446,1.680787991594351],[-92.00810820787098,1.680705189789404]]],[[[-92.00761358641587,1.67452868727262],[-91.99930639729786,1.680027027988346],[-91.99857599006722,1.674967941916909],[-92.00761358641587,1.67452868727262]]]]}},{"type":"Feature","properties":{"PROVINCIA":"SUCUMBIOS"},"geometry":{"type":"Polygon","coordinates":[[[-77.49058507107674,0.660335446613245],[-77.48032747628703,0.60949692373607],[-77.5218566692707,0.531520831819424],[-77.5294774187088,0.406054547743193],[-77.43134914568141,0.439409903147518],[-77.38964891324589,0.388246048208228],[-77.37093890916881,0.400792231337001],[-77.28753077888982,0.36320519117796],[-77.22004903547283,0.363322968618081],[-77.16690696843665,0.389669251802927],[-77.1133391256859,0.371975852230101],[-77.0781096313041,0.287268804079455],[-77.04789542240553,0.292922176160095],[-77.02740238859745,0.277048348532933],[-77.00380498945168,0.296753929764899],[-76.98524634295971,0.268214107248096],[-76.93284294336618,0.27658165788575],[-76.93523012354106,0.261572466889605],[-76.91025816480548,0.247159716176288],[-76.84545794233993,0.239065406159748],[-76.82858664574498,0.263235432643889],[-76.75621053336191,0.248161813436678],[-76.76544928254022,0.26394605396683],[-76.73280872297988,0.288650564651501],[-76.71183337266547,0.268758978595428],[-76.65621861623144,0.270780102683156],[-76.65223094063221,0.251017757575203],[-76.6270632797216,0.262285470505888],[-76.58587583497226,0.218633491429919],[-76.53514943017954,0.259322877480357],[-76.50383908468768,0.236358525305285],[-76.44791467623452,0.239227447006264],[-76.43688320684399,0.257367774122507],[-76.42610145454573,0.235255682025686],[-76.41205851934757,0.241614492165415],[-76.41203526529911,0.379928650617139],[-76.37202555394188,0.394519808666284],[-76.34428339817585,0.380454043398321],[-76.31431746042605,0.434293190088447],[-76.29792186827447,0.421031677590786],[-76.27695408610657,0.436539512064386],[-76.26009082804381,0.425895685693159],[-76.2603395183062,0.404006934550517],[-76.2320960759963,0.40063521437934],[-76.22593327139212,0.374287772965194],[-76.20799984424679,0.386105575684086],[-76.17417305556046,0.372153820574823],[-76.16026253998149,0.389441185392154],[-76.13444579631768,0.373771263154229],[-76.1113559302137,0.314431418917911],[-76.0627757577166,0.336541760441699],[-76.04010953731671,0.306936914761636],[-76.00944739325527,0.300130755686229],[-75.98412704865042,0.261153812998629],[-76.00377150727113,0.248394311184016],[-75.96384217536473,0.2383073958767],[-75.95308816704218,0.221007142011443],[-75.94391953312581,0.229219216981918],[-75.95814316950303,0.207263213815899],[-75.89754110683187,0.161404274033994],[-75.90551187925023,0.137329904766662],[-75.88662865846167,0.141261147074308],[-75.87531722338065,0.118194591420208],[-75.8519534937433,0.131301963408586],[-75.80938077886381,0.052142993383946],[-75.64962468191983,0.029362889519521],[-75.63775095203319,0.047015752013687],[-75.62926060006438,0.028142041355061],[-75.5820873681498,0.015121757649275],[-75.57340735476411,-0.025530791104753],[-75.5232414611648,-0.02646857171435],[-75.39593493305392,-0.097706496065574],[-75.35246183815983,-0.091764028934169],[-75.27609411383246,-0.123505879669532],[-75.25853433221423,-0.113440402575433],[-75.28923112104279,-0.154841649386051],[-75.35283844623285,-0.164518565371144],[-75.36445521085645,-0.146590030839911],[-75.36816955450712,-0.164043873862001],[-75.40372128853978,-0.170722686724827],[-75.51595700688583,-0.114977131093833],[-75.56881107236902,-0.131837179118443],[-75.60630236458613,-0.109596806045607],[-75.61020002867846,-0.193019481766519],[-75.54152073959801,-0.175413579509787],[-75.51370512121714,-0.197182140275372],[-75.48226790610403,-0.23692299363097],[-75.46361300738798,-0.317670559248939],[-75.38817408728782,-0.43397249537278],[-75.34906241305806,-0.463621728809476],[-75.3250374552954,-0.452601956807521],[-75.3129892624298,-0.494509874074763],[-75.26651971594661,-0.505737527628424],[-75.26525482495155,-0.53367965131961],[-75.24247205209406,-0.522149188587767],[-75.24465591429359,-0.546577046629582],[-75.22767310933895,-0.550401725240766],[-75.2247205257754,-0.570059090008017],[-75.24023243165514,-0.580708413887459],[-75.22345881991986,-0.623779745787184],[-75.23211137588939,-0.64664823879771],[-75.28696883404005,-0.654576488939028],[-75.28540295090126,-0.619962422397249],[-75.30526484956845,-0.631774338793025],[-75.31914349848755,-0.613931109194036],[-75.34246983574576,-0.623424674715453],[-75.36804796306268,-0.602161992704277],[-75.38469394381667,-0.609206850336634],[-75.4034329556287,-0.564916029546069],[-75.44965997819064,-0.549733066042648],[-75.55788095484193,-0.548504553398917],[-75.57366542626477,-0.494094982061617],[-75.59056225144161,-0.506339734066473],[-75.59768642942215,-0.484940289474745],[-75.64718204559995,-0.468274429932208],[-75.65281070401534,-0.452331960833831],[-75.70089163316702,-0.472841667056374],[-75.74383779660883,-0.42137185037601],[-75.82761847407905,-0.437643442529497],[-75.8559087957107,-0.423557882600079],[-75.86163354362711,-0.403216232571522],[-75.95508398946014,-0.419339819637892],[-75.94701338644971,-0.54865598711986],[-75.93000552295916,-0.568056073839135],[-75.98851449880583,-0.557323692896509],[-76.05100870103256,-0.513103609794539],[-76.09356860548542,-0.43984939166763],[-76.26256307173776,-0.449578080950248],[-76.38720257600534,-0.519920139402435],[-76.42089741729342,-0.487056427955472],[-76.46897714721908,-0.487352029959179],[-76.55685085833798,-0.409944318824384],[-76.63295457724347,-0.426492771556831],[-76.63615475277517,-0.397996448131421],[-76.72714197141018,-0.346470747215968],[-76.71990773977548,-0.335542270773277],[-76.76569094270123,-0.280182072626323],[-76.76559345680258,-0.25553185242088],[-76.84703951935435,-0.179306499304895],[-76.90500122048026,-0.084281336295837],[-76.9337251342931,-0.085938299940299],[-76.93372500608073,-0.059124999140173],[-76.9344341721875,-0.058884556850083],[-77.06022204963733,-0.11363811141602],[-77.16243533694889,-0.084251606344281],[-77.16243527867813,-0.102183405817402],[-77.20377877425487,-0.098946175418093],[-77.2900570725203,-0.045213495249536],[-77.33634800750463,-0.096425632218276],[-77.34139685053074,-0.123520080311229],[-77.37938525359935,-0.152565275583901],[-77.42873582182004,-0.130895173924764],[-77.4528316493432,-0.137879735121679],[-77.44457377967757,-0.097941001245119],[-77.45782926754549,-0.083788977442127],[-77.43825842154345,-0.063221436735329],[-77.45606959563531,-0.050299895684475],[-77.46076272960944,-0.018932987000335],[-77.5076701907247,-0.039603523426693],[-77.51057376792619,-0.064213491541446],[-77.53610200257118,-0.05557527758854],[-77.58397344928794,-0.109107470209215],[-77.63810602224653,-0.076093870555487],[-77.78230539981612,-0.083113372793057],[-77.79446797201432,-0.016646165543671],[-77.7845619667775,0.019526651951766],[-77.82254516517943,0.034185318003181],[-77.8522834954997,0.023181793933296],[-77.85937526097875,0.062247082790627],[-77.89006825667806,0.083110273143539],[-77.9182443846454,0.081763301091693],[-77.96225679584207,0.11284583868371],[-77.97674423666517,0.105588227781978],[-77.97157965498157,0.144581833047541],[-77.9234974926246,0.182011820383988],[-77.9244008595192,0.19816157662583],[-77.87046549264502,0.207784455235718],[-77.83130513710064,0.267182995859827],[-77.85246037305035,0.300645926924276],[-77.79718802246457,0.369439078872109],[-77.81335670425737,0.403605480156776],[-77.80726468241932,0.426907356632347],[-77.65585864977106,0.603109361021244],[-77.68795277457467,0.617948353413348],[-77.68634277740018,0.640736354347351],[-77.5661944790562,0.634499003523863],[-77.49058507107674,0.660335446613245]]]}},{"type":"Feature","properties":{"PROVINCIA":"ORELLANA"},"geometry":{"type":"Polygon","coordinates":[[[-77.2781744677658,-0.04598681815301],[-77.20377877425487,-0.098946175418093],[-77.16243527867813,-0.102183405817402],[-77.16243533694889,-0.084251606344281],[-77.06022204963733,-0.11363811141602],[-76.93374053886151,-0.059112685611208],[-76.9337251342931,-0.085938299940299],[-76.90500122048026,-0.084281336295837],[-76.84703951935435,-0.179306499304895],[-76.76559345680258,-0.25553185242088],[-76.76569094270123,-0.280182072626323],[-76.71990773977548,-0.335542270773277],[-76.72714197141018,-0.346470747215968],[-76.63615475277517,-0.397996448131421],[-76.63295457724347,-0.426492771556831],[-76.55685085833798,-0.409944318824384],[-76.46897714721908,-0.487352029959179],[-76.42089741729342,-0.487056427955472],[-76.38720257600534,-0.519920139402435],[-76.26256307173776,-0.449578080950248],[-76.09356860548542,-0.43984939166763],[-76.05100870103256,-0.513103609794539],[-75.98851449880583,-0.557323692896509],[-75.93000552295916,-0.568056073839135],[-75.94701338644971,-0.54865598711986],[-75.95508398946014,-0.419339819637892],[-75.86163354362711,-0.403216232571522],[-75.8559087957107,-0.423557882600079],[-75.82761847407905,-0.437643442529497],[-75.74383779660883,-0.42137185037601],[-75.70089163316702,-0.472841667056374],[-75.65263996887158,-0.452398378905257],[-75.64718204559995,-0.468274429932208],[-75.59768642942215,-0.484940289474745],[-75.59056225144161,-0.506339734066473],[-75.57366542626477,-0.494094982061617],[-75.55788095484193,-0.548504553398917],[-75.45072524047629,-0.54943625587456],[-75.4034329556287,-0.564916029546069],[-75.38469394381667,-0.609206850336634],[-75.36804796306268,-0.602161992704277],[-75.34246983574576,-0.623424674715453],[-75.31914349848755,-0.613931109194036],[-75.30526484956845,-0.631774338793025],[-75.28540295090126,-0.619962422397249],[-75.28824797282589,-0.653263202353003],[-75.26180130888709,-0.646921272492569],[-75.27404976480348,-0.670823990493545],[-75.24861488252891,-0.696297438169364],[-75.27698453720845,-0.718447851137403],[-75.2541260115521,-0.764939069135791],[-75.26894832400443,-0.786365155966621],[-75.2417800498682,-0.798700026135961],[-75.25153410140184,-0.836994536539943],[-75.22179201943324,-0.868534934691706],[-75.23418462771713,-0.931248178122448],[-75.1871465713604,-0.972799799740096],[-75.2677969832583,-0.970973887216647],[-75.30639900432803,-0.987629889822155],[-75.37215153258224,-0.923409303221993],[-75.3882017492434,-0.92536621068349],[-75.55988624248181,-1.56340663129095],[-75.59537970604488,-1.541112054362473],[-75.58787004378117,-1.510285024577563],[-75.6022833356605,-1.496726889612892],[-75.63391707280482,-1.500344302921013],[-75.63661332996054,-1.482220625742254],[-75.65008379521635,-1.493675345207482],[-75.6495110870944,-1.475841112825787],[-75.66357826618032,-1.487994432610452],[-75.6752658682586,-1.467948986196273],[-75.69965470627997,-1.464688483697457],[-75.69994353316716,-1.447546081405265],[-75.71985387343318,-1.462313728074948],[-75.73930170048347,-1.417342523605341],[-75.75082955970073,-1.422241128891356],[-75.74702801726292,-1.406574206194371],[-75.80114482843753,-1.402965764086332],[-75.82270773644963,-1.383024685588465],[-75.83579965895665,-1.39169542369436],[-75.8449968213567,-1.35565141479042],[-75.87970981537458,-1.356494625892463],[-75.87719184082911,-1.331491494746966],[-75.90039595449244,-1.333888505482914],[-75.89376139331884,-1.34891300612418],[-75.91506170064702,-1.361427825360946],[-75.92012251059019,-1.345857441771249],[-75.94912337658153,-1.357849812805942],[-75.97240926648904,-1.32927050030734],[-75.99734809557427,-1.33437454711542],[-76.00191939167867,-1.309439266380902],[-76.03586346443755,-1.314915884763702],[-76.04929026537796,-1.297164254632778],[-76.0629759810367,-1.307014340523146],[-76.06331578347778,-1.278368433170191],[-76.08240271113313,-1.296545522219872],[-76.11348437723007,-1.27250570227637],[-76.15062030874194,-1.282004473887744],[-76.15990116928094,-1.301599713482789],[-76.18718348361477,-1.286389025368216],[-76.23779725078275,-1.300928716244697],[-76.24742226598379,-1.286968087814625],[-76.25330431479003,-1.306969659186814],[-76.2716526235851,-1.29582222129084],[-76.28885710445937,-1.320502852173677],[-76.29304857008403,-1.303641989418567],[-76.36544755097717,-1.294583422762235],[-76.35686706417721,-1.280425404395347],[-76.39600403160809,-1.254131372413867],[-76.41935881695578,-1.272098062705615],[-76.43699359982209,-1.257090985089829],[-76.45099718210393,-1.271641480170717],[-76.45810955840832,-1.24775630780165],[-76.46512294840178,-1.261868709158122],[-76.47086645632524,-1.263836713362802],[-76.49293524056715,-1.2155946354227],[-76.53054503503911,-1.192651196191264],[-76.51353573215658,-1.095347906385301],[-76.53077628326285,-1.051968193674202],[-76.54636587258418,-1.068532996736445],[-76.56345971456982,-1.059544618527594],[-76.60325219708551,-1.073009932876899],[-76.65285831461564,-1.056810945306345],[-76.72053943415683,-1.082253959024084],[-76.72749005676145,-1.105933052941353],[-76.77380028160123,-1.090661562502414],[-76.83002723112173,-1.112020400224978],[-76.83210711461052,-1.159231877500345],[-76.85318774224471,-1.1630580992153],[-76.89677855506379,-1.1271284525504],[-77.06698637661326,-1.086221453557787],[-77.09104889395925,-1.023973992042686],[-77.03216375455173,-0.989820496103518],[-77.06866953197124,-0.975436793786691],[-77.07171478913267,-0.951391103333665],[-77.02280499547427,-0.920956200390632],[-77.13695174814146,-0.90129558395787],[-77.1503423192132,-0.868430282700113],[-77.19625574074286,-0.854613299322451],[-77.2071418074122,-0.80243002725812],[-77.121634933519,-0.727957154807406],[-77.12097600460122,-0.695319948131872],[-77.16354602961941,-0.707359567225315],[-77.19921467446481,-0.767157345668004],[-77.25252884847019,-0.792159834398519],[-77.27759328019332,-0.837787403606543],[-77.3242194429147,-0.846671575039932],[-77.3843732514474,-0.891688598649316],[-77.45081468249148,-0.898865778471732],[-77.45264344190429,-0.916126803728267],[-77.51553226539488,-0.950801291849061],[-77.59015068051916,-0.929977985434962],[-77.58758771946333,-0.912038309693882],[-77.55204117494166,-0.902361493817923],[-77.53486357761957,-0.873513975881566],[-77.52473762605393,-0.820712698754106],[-77.54241010553521,-0.791092285138952],[-77.49695084456266,-0.701813513632583],[-77.52517910551728,-0.66949416487779],[-77.53251523299669,-0.624897153226479],[-77.58038934427233,-0.609679822290397],[-77.59048493245612,-0.573869970028742],[-77.62869068347841,-0.543476795433571],[-77.55941351436219,-0.494863939993117],[-77.5619446750033,-0.45547527058657],[-77.4286520765648,-0.52205305195783],[-77.39066019696577,-0.494780911745999],[-77.36495147107941,-0.428755661827013],[-77.32683926787053,-0.423978854754179],[-77.3341405555019,-0.370263888709232],[-77.29770342497575,-0.336299645463186],[-77.27629176812866,-0.340865283512622],[-77.2563155946866,-0.308113551254355],[-77.2535734958666,-0.269631199390719],[-77.27470915128109,-0.261637534378669],[-77.26053638731759,-0.238524814909765],[-77.29856113874278,-0.202918281652969],[-77.29695566059075,-0.145437974822628],[-77.27844397786073,-0.136665686382294],[-77.30567398486845,-0.055069149409782],[-77.2781744677658,-0.04598681815301]]]}},{"type":"Feature","properties":{"PROVINCIA":"SANTO DOMINGO DE LOS TSACHILAS"},"geometry":{"type":"Polygon","coordinates":[[[-79.40799127198505,0.025243184309868],[-79.23779941175586,0.012159773957485],[-79.18359306402911,-0.014465179875114],[-79.09761074292506,-0.026567705035672],[-79.14945307917188,-0.0919002497726],[-79.10200721881735,-0.083005723062598],[-79.02441146851994,-0.117772175270359],[-78.96496779926095,-0.101200978240944],[-78.92877605553339,-0.121146019335327],[-78.88113187433146,-0.110375657299394],[-78.83511088879658,-0.137665567816962],[-78.832363526784,-0.188504440878944],[-78.78392598401328,-0.211874107159023],[-78.74604479357102,-0.276823100985998],[-78.77317048745543,-0.279167022059655],[-78.77381338606624,-0.298300688897591],[-78.8222861350862,-0.346272903243903],[-78.85654716813113,-0.34938704133891],[-78.86748419320394,-0.331690239700093],[-78.89945089206964,-0.335848408486321],[-78.95284145068072,-0.314363466401375],[-78.93292083305461,-0.360889999760538],[-78.96211560005897,-0.369463906898058],[-78.97330277167674,-0.408591711683999],[-79.01151563960681,-0.41797812991659],[-79.0314017119674,-0.483329514663617],[-79.07014931947012,-0.523613493226099],[-79.13687565989493,-0.549521937148658],[-79.20212321347479,-0.628909562625929],[-79.26354661604206,-0.661758698109031],[-79.29526664506123,-0.699802170470174],[-79.34927881283492,-0.690316127320061],[-79.37013539774983,-0.655509312843675],[-79.34558510364415,-0.630527909579391],[-79.36682705649355,-0.580227719418966],[-79.35049420835024,-0.572194001144785],[-79.34733038470202,-0.544226479237791],[-79.41668357478592,-0.538571399310274],[-79.45748501277211,-0.564363319725566],[-79.48334582114752,-0.543425046972137],[-79.44951036051283,-0.479938456854739],[-79.46424795193695,-0.472603169949736],[-79.45778425578564,-0.456544926835278],[-79.41075611135518,-0.410686108524944],[-79.40972793655254,-0.191357940260331],[-79.4298242214619,-0.175544052631435],[-79.51936996139739,-0.163889750005667],[-79.54840840842235,-0.099434337970959],[-79.61623091644638,-0.038553788453583],[-79.60653404806067,-0.021676101349954],[-79.5793371843787,-0.018302761476258],[-79.44864138758975,-0.039680874936592],[-79.43602108684745,-0.033165713631374],[-79.43244316394764,-0.027611248307153],[-79.43625579785811,-0.031370434718948],[-79.44717496818295,-0.029913476707913],[-79.44736111315657,-0.020387722122883],[-79.46364734420125,-0.002964884826631],[-79.46362167119362,0.00450289873771],[-79.4245966806458,0.004748523275823],[-79.42890786067935,0.023386913512501],[-79.40204463892495,0.014121215345665],[-79.40799127198505,0.025243184309868]]]}},{"type":"Feature","properties":{"PROVINCIA":"SANTA ELENA"},"geometry":{"type":"Polygon","coordinates":[[[-80.74579563193379,-1.669664841638961],[-80.72370091111868,-1.686645039010108],[-80.64656415185222,-1.670497848661868],[-80.59414075008311,-1.778598703723609],[-80.54896006796064,-1.780789981848566],[-80.5711916665124,-1.824402777894073],[-80.51650105669057,-1.902477011782632],[-80.51912666958846,-1.91997521092901],[-80.4735636526478,-1.925853365191271],[-80.4652530418006,-1.947390208655984],[-80.44041891700076,-1.94313893031503],[-80.41073572899491,-1.983131167408962],[-80.3448379516855,-1.997897842254311],[-80.31271779946348,-2.063770411976534],[-80.321201860375,-2.074612175689496],[-80.30351240547395,-2.092355112448809],[-80.26851457178144,-2.083588290125907],[-80.2449521667224,-2.115063045170598],[-80.23871682647257,-2.191906143311971],[-80.20040000035503,-2.20952499966363],[-80.23331741874829,-2.233296117475457],[-80.23521102007724,-2.252413324087975],[-80.26371858421922,-2.244185412316592],[-80.2648216581332,-2.264774459050543],[-80.28473462652774,-2.274589036512423],[-80.28419278719015,-2.336886993229456],[-80.32318932530717,-2.350263567294575],[-80.36870495541845,-2.343609703225976],[-80.38270171461163,-2.379986952467539],[-80.44755462585591,-2.374591668843105],[-80.46007388065162,-2.491578471474982],[-80.54295646316689,-2.488872671380374],[-80.56355212798488,-2.50676787895818],[-80.68710939194693,-2.399625880940963],[-80.8017608597726,-2.378475477090387],[-80.87309856907108,-2.32310721461621],[-80.89083728083246,-2.338615163449019],[-80.92492971631839,-2.271913195546607],[-81.01134561094635,-2.18963774240608],[-80.99047363359817,-2.184289423460219],[-80.94076535548967,-2.219423115881964],[-80.90728687719671,-2.219971046992509],[-80.84865485418398,-2.193189112774145],[-80.75114930671872,-2.110143058700467],[-80.73529265475632,-2.028506187668313],[-80.76304120498081,-1.976088479303989],[-80.73315144972085,-1.960632017896673],[-80.72647228512366,-1.925351618321384],[-80.76873162504864,-1.762826293299294],[-80.80253637974378,-1.711574171644568],[-80.74579563193379,-1.669664841638961]]]}},{"type":"Feature","properties":{"PROVINCIA":"NONE"},"geometry":{"type":"MultiPolygon","coordinates":[[[[-80.2468511071551,-3.323657183703276],[-80.24011122186414,-3.321218566800744],[-80.2394445617625,-3.321986979733867],[-80.2468511071551,-3.323657183703276]]],[[[-80.26023741461532,-3.321261042355909],[-80.25520689534497,-3.319864125835134],[-80.25489064026073,-3.321492210402956],[-80.26023741461532,-3.321261042355909]]],[[[-80.00251063733415,-3.239595588346596],[-80.001114670032,-3.240634456364305],[-80.00142908197597,-3.241222734973054],[-80.00251063733415,-3.239595588346596]]],[[[-80.44188846435637,-3.177187205887292],[-80.44139331427827,-3.177458335187918],[-80.44193329369259,-3.177503861397299],[-80.44188846435637,-3.177187205887292]]],[[[-80.43940553064853,-3.175177509894151],[-80.43922550548326,-3.175222644815166],[-80.43931548147853,-3.175267926850625],[-80.43940553064853,-3.175177509894151]]],[[[-80.4372565672644,-3.171394858727913],[-80.43415073195237,-3.172931078634218],[-80.43927964231624,-3.174969369472684],[-80.4372565672644,-3.171394858727913]]],[[[-80.89069529430039,-2.34007950888401],[-80.89035815093614,-2.340045709432595],[-80.89033272315994,-2.340177252931008],[-80.89069529430039,-2.34007950888401]]],[[[-80.88959628084385,-2.340160729035977],[-80.89013587539753,-2.340884543276195],[-80.8900010331177,-2.339979818100487],[-80.88959628084385,-2.340160729035977]]],[[[-80.83580272383378,-1.677788059841707],[-80.83611739180887,-1.677787995913393],[-80.83607238399365,-1.677380868182025],[-80.83580272383378,-1.677788059841707]]],[[[-80.8369265599316,-1.67647622007458],[-80.83584763940459,-1.677154759736634],[-80.83638705279948,-1.67738089467574],[-80.8369265599316,-1.67647622007458]]],[[[-80.85580686786606,-1.601065319981418],[-80.85607665130627,-1.601246283335407],[-80.8560316356204,-1.600884391592494],[-80.85580686786606,-1.601065319981418]]],[[[-80.87216989318499,-1.598667687370406],[-80.85998755842195,-1.595048614034639],[-80.86614615622575,-1.602467707225966],[-80.87216989318499,-1.598667687370406]]],[[[-80.84322064337645,-1.567340081180724],[-80.84250137783502,-1.566955610870105],[-80.8426362881387,-1.567362745586176],[-80.84322064337645,-1.567340081180724]]],[[[-80.84205188353715,-1.565643640713795],[-80.84209681346181,-1.565915060458766],[-80.8422316810939,-1.565688890391447],[-80.84205188353715,-1.565643640713795]]],[[[-80.81031421479373,-1.499231315652997],[-80.80950505081869,-1.50022661804148],[-80.80946005896297,-1.500724300632558],[-80.81031418392412,-1.500633812842747],[-80.81031421479373,-1.499231315652997]]],[[[-80.79341180404954,-1.48253752443255],[-80.79372643021607,-1.482673261857188],[-80.79368151113617,-1.482356605858675],[-80.79341180404954,-1.48253752443255]]],[[[-80.78491535673523,-1.475434666922803],[-80.78379160936528,-1.474937052414804],[-80.78424112034294,-1.475570399538767],[-80.78491535673523,-1.475434666922803]]],[[[-80.77124980909687,-1.405490965130865],[-80.7713847033152,-1.405852956357891],[-80.77151956575986,-1.405626699502133],[-80.77124980909687,-1.405490965130865]]],[[[-80.76185457908008,-1.376807107135673],[-80.75942709849886,-1.378843020449556],[-80.76234908680986,-1.377621493726292],[-80.76185457908008,-1.376807107135673]]],[[[-81.05935699074142,-1.288346265392612],[-81.06021095740616,-1.288843844678316],[-81.06097500209161,-1.287984336438034],[-81.05935699074142,-1.288346265392612]]],[[[-81.04929770054747,-1.28531329533859],[-81.04988199286576,-1.285675173597675],[-81.04988196829504,-1.284408557465068],[-81.04929770054747,-1.28531329533859]]],[[[-81.06789641590218,-1.283686711098757],[-81.0680762060142,-1.28404859675505],[-81.0683908024004,-1.283370043683761],[-81.06789641590218,-1.283686711098757]]],[[[-81.08401684164728,-1.282057722724927],[-81.0847809168409,-1.282464823999939],[-81.08428650106275,-1.281786296054612],[-81.08401684164728,-1.282057722724927]]],[[[-81.08280276333036,-1.281198272040743],[-81.08311737874725,-1.281243498987396],[-81.08275780396623,-1.280745911467196],[-81.08280276333036,-1.281198272040743]]],[[[-81.07340868437088,-1.259801787539439],[-81.05749862570228,-1.273146905216795],[-81.05026275953313,-1.285315628697635],[-81.08311733996084,-1.280067355352278],[-81.07340868437088,-1.259801787539439]]],[[[-80.91268375192686,-1.058096544147722],[-80.91295321742577,-1.05818693401833],[-80.91281848935742,-1.058006165712316],[-80.91268375192686,-1.058096544147722]]],[[[-80.91416600457485,-1.058141731668146],[-80.91443546359432,-1.058503449116618],[-80.91448042009544,-1.057915739538498],[-80.91416600457485,-1.058141731668146]]],[[[-80.32658352174741,-0.171746543284067],[-80.32603119115481,-0.171892555237844],[-80.32672790995852,-0.171813774314175],[-80.32658352174741,-0.171746543284067]]],[[[-80.32634284678304,-0.171217285677189],[-80.32548404722465,-0.171480341830675],[-80.32599770342172,-0.17178721447478],[-80.32634284678304,-0.171217285677189]]],[[[-80.04805707967867,0.402723680341296],[-80.03934334138616,0.399106320061013],[-80.05407575279179,0.398518506844346],[-80.04805707967867,0.402723680341296]]],[[[-80.04037643789651,0.405165473619597],[-80.04028658139265,0.404396731141293],[-80.04113996902267,0.40502978366104],[-80.04037643789651,0.405165473619597]]],[[[-80.055198673316,0.454723681636098],[-80.04765280148135,0.419499353400299],[-80.05344699066006,0.414977661349165],[-80.0624301140766,0.433878552058232],[-80.055198673316,0.454723681636098]]],[[[-80.06036374228422,0.815945881378599],[-80.06062427168531,0.815845082543202],[-80.06053405895578,0.816006436922172],[-80.06036374228422,0.815945881378599]]],[[[-80.0528974931673,0.823417795583461],[-80.0530578191299,0.823357317646672],[-80.05298764581964,0.823513632918018],[-80.0528974931673,0.823417795583461]]],[[[-80.05307780204662,0.823594341639729],[-80.05317801890585,0.823498549824921],[-80.05318802212024,0.823569153937579],[-80.05307780204662,0.823594341639729]]],[[[-79.8794303204605,0.872133037976397],[-79.87965495927645,0.87217833305443],[-79.87952012746638,0.872313975926685],[-79.8794303204605,0.872133037976397]]],[[[-79.87960977385907,0.873037646962327],[-79.87920560227944,0.872359109393461],[-79.87969966117473,0.872947217495787],[-79.87960977385907,0.873037646962327]]],[[[-78.97775243486282,1.299779149710848],[-78.97937031165722,1.298695460308989],[-78.9779765163657,1.300412242439753],[-78.97775243486282,1.299779149710848]]],[[[-78.97406595643653,1.303890093803736],[-78.97474140917139,1.301765868911586],[-78.97626902035101,1.301224608125221],[-78.97406595643653,1.303890093803736]]],[[[-78.96655626973326,1.314507804052012],[-78.96714216306836,1.312067068569084],[-78.96839980302752,1.312113304768423],[-78.96655626973326,1.314507804052012]]],[[[-78.9660607913881,1.316225289178099],[-78.96430910229573,1.31613343509165],[-78.96651054753752,1.3155023355331],[-78.9660607913881,1.316225289178099]]],[[[-78.96269168789748,1.316629388819299],[-78.96305072961879,1.316991344821671],[-78.9616135360662,1.316809331789834],[-78.96269168789748,1.316629388819299]]],[[[-78.95900393487535,1.322232078172437],[-78.95967931228964,1.320243507707023],[-78.9649368761837,1.317444972279243],[-78.96259836125996,1.320924031062022],[-78.95900393487535,1.322232078172437]]],[[[-78.91079731046013,1.388011755196849],[-78.90837212518412,1.387647949157147],[-78.90805806597582,1.387240815701886],[-78.91079731046013,1.388011755196849]]],[[[-78.8906122401341,1.447119345082093],[-78.8912791342013,1.447055511710868],[-78.89156512777915,1.447412189327377],[-78.8906122401341,1.447119345082093]]],[[[-78.8978520420001,1.447268974487546],[-78.89702741237465,1.442695528144006],[-78.89881428237797,1.44149145729485],[-78.8978520420001,1.447268974487546]]]]}}]}